shape function name	super class	if stamp	convex	has_curve	has_straight_line	symmetric	self_transposed	has_three_straight_lines	has_four_straight_lines	has_five_straight_lines	has_six_straight_lines	has_seven_straight_lines	has_eight_straight_lines	thin_shape	closed_shape	has_acute_angle	has_obtuse_angle	has_angle	has_line_crossing	has_two_parts	balanced_two	unbalanced_two	necked	exist_regular	exist_triangle	exist_quadrangle	exist_sector
equilateral_traingle	triangle	1	1	0	1	1	0	1	0	0	0	0	0	0	1	1	0	1	0	0	0	0	0	1	1	0	0
acute_equi_triangle	triangle	1	1	0	1	1	0	1	0	0	0	0	0	-1	1	1	0	1	0	0	0	0	0	0	1	0	0
obtuse_equi_triangle	triangle	1	1	0	1	1	0	1	0	0	0	0	0	-1	1	1	1	1	0	0	0	0	0	0	1	0	0
right_equi_triangle	triangle	1	1	0	1	1	0	1	0	0	0	0	0	0	1	1	0	1	0	0	0	0	0	0	1	0	0
acute_nonequi_triangle	triangle	1	1	0	1	0	0	1	0	0	0	0	0	0	1	1	0	1	0	0	0	0	0	0	1	0	0
obtuse_nonequi_triangle	triangle	1	1	0	1	0	0	1	0	0	0	0	0	-1	1	1	-1	1	0	0	0	0	0	0	1	0	0
thin_obtuse_nonequi_triangle	triangle	0	1	0	1	0	0	1	0	0	0	0	0	1	1	1	1	1	0	0	0	0	0	0	1	0	0
right_nonequi_triangle	triangle	1	1	0	1	0	0	1	0	0	0	0	0	-1	1	1	0	1	0	0	0	0	0	0	1	0	0
sector30	sector	0	1	1	1	1	0	0	0	0	0	0	0	-1	1	1	0	1	0	0	0	0	0	0	0	0	1
inverse_sector30	sector	0	0	1	1	1	0	0	0	0	0	0	0	-1	1	1	0	1	0	0	0	0	0	0	0	0	0
sector90	sector	1	1	1	1	1	0	0	0	0	0	0	0	0	1	0	0	1	0	0	0	0	0	0	0	0	1
inverse_sector90	sector	0	0	1	1	1	0	0	0	0	0	0	0	-1	1	-1	0	1	0	0	0	0	0	0	0	0	0
sector180	sector	1	1	1	1	1	0	0	0	0	0	0	0	0	1	0	0	1	0	0	0	0	0	0	0	0	1
sector270	sector	1	0	1	1	1	0	0	0	0	0	0	0	0	1	0	0	1	0	0	0	0	0	0	0	0	1
inverse_sector270	sector	1	1	1	1	1	0	0	0	0	0	0	0	0	1	0	0	1	0	0	0	0	0	0	0	0	0
sector330	sector	1	0	1	1	1	0	0	0	0	0	0	0	0	1	1	0	1	0	0	0	0	0	0	0	0	1
inverse_sector330	sector	1	0	1	1	1	0	0	0	0	0	0	0	0	1	1	-1	1	0	0	0	0	0	0	0	0	0
quasi_sector73	sector	1	1	1	1	0	0	0	0	0	0	0	0	-1	1	1	-1	1	0	0	0	0	0	0	0	0	0
inverse_quasi_sector73	sector	1	0	1	1	0	0	0	0	0	0	0	0	-1	1	1	0	1	0	0	0	0	0	0	0	0	0
quasi_sector90	sector	1	1	1	1	0	0	0	0	0	0	0	0	-1	1	1	-1	1	0	0	0	0	0	0	0	0	0
inverse_quasi_sector90	sector	0	-1	1	1	0	0	1	0	0	0	0	0	1	1	1	-1	1	1	1	-1	-1	0	0	0	0	0
quasi_sector270	sector	0	0	1	1	0	0	0	0	0	0	0	0	0	1	1	-1	1	0	0	0	0	0	0	0	0	0
quasi_inverse_sector270	sector	0	0	1	1	0	0	0	0	0	0	0	0	0	1	0	-1	1	0	0	0	0	0	0	0	0	0
quasi_sector330	sector	0	0	1	1	0	0	0	0	0	0	0	0	0	1	1	-1	1	0	0	0	0	0	0	0	0	0
quasi_inverse_sector330	sector	0	0	1	1	0	0	0	0	0	0	0	0	0	1	1	-1	1	0	0	0	0	0	0	0	0	0
open_semi_circle	arc	1	-1	1	0	1	0	0	0	0	0	0	0	-1	0	0	0	0	0	0	0	0	0	0	0	0	0
open_onequarter_circle	arc	1	-1	1	0	1	0	0	0	0	0	0	0	-1	0	0	0	0	0	0	0	0	0	0	0	0	0
open_threequarter_circle	arc	1	-1	1	0	1	0	0	0	0	0	0	0	-1	0	0	0	0	0	0	0	0	0	0	0	0	0
closed_semi_circle	arc	1	1	1	1	1	0	0	0	0	0	0	0	0	1	0	0	1	0	0	0	0	0	0	0	0	0
closed_onequarter_circle	arc	0	1	1	1	1	0	0	0	0	0	0	0	1	1	1	0	1	0	0	0	0	0	0	0	0	0
closed_threequarter_circle	arc	1	1	1	1	1	0	0	0	0	0	0	0	0	1	0	1	1	0	0	0	0	0	0	0	0	0
closed_circle	arc	1	1	1	0	1	1	0	0	0	0	0	0	0	1	0	0	0	0	0	0	0	0	1	0	0	0
crescent_moon	arc	1	0	1	0	1	0	0	0	0	0	0	0	1	1	1	0	1	0	0	0	0	0	0	0	0	0
almost_full_moon	arc	1	0	1	0	1	0	0	0	0	0	0	0	0	1	-1	0	1	0	0	0	0	0	0	0	0	0
small_intersect_circle	arc	1	1	1	0	1	1	0	0	0	0	0	0	-1	1	1	0	1	0	0	0	0	0	0	0	0	0
large_intersect_circle	arc	1	1	1	0	1	1	0	0	0	0	0	0	0	1	-1	-1	1	0	0	0	0	0	0	0	0	0
small_union_circle	arc	1	0	1	0	1	1	0	0	0	0	0	0	0	1	0	-1	1	0	0	0	0	0	0	0	0	0
large_union_circle	arc	1	0	1	0	1	1	0	0	0	0	0	0	0	1	0	-1	1	0	0	0	0	0	0	0	0	0
square	quadrangle	1	1	0	1	1	1	0	1	0	0	0	0	0	1	0	0	1	0	0	0	0	0	1	0	1	0
rectangle	quadrangle	1	1	0	1	1	1	0	1	0	0	0	0	0	1	0	0	1	0	0	0	0	0	0	0	1	0
thin_rectangle	quadrangle	0	1	0	1	1	1	0	1	0	0	0	0	1	1	0	0	1	0	0	0	0	0	0	0	1	0
square_parallelogram30	quadrangle	1	1	0	1	1	1	0	1	0	0	0	0	-1	1	1	1	1	0	0	0	0	0	0	0	1	0
square_parallelogram60	quadrangle	1	1	0	1	1	1	0	1	0	0	0	0	0	1	1	1	1	0	0	0	0	0	0	0	1	0
rect_parallelogram30	quadrangle	1	1	0	1	0	1	0	1	0	0	0	0	-1	1	1	1	1	0	0	0	0	0	0	0	1	0
rect_parallelogram60	quadrangle	1	1	0	1	0	1	0	1	0	0	0	0	0	1	1	1	1	0	0	0	0	0	0	0	1	0
thin_rect_parallelogram30	quadrangle	0	1	0	1	0	1	0	1	0	0	0	0	1	1	1	1	1	0	0	0	0	0	0	0	1	0
thin_rect_parallelogram60	quadrangle	0	1	0	1	0	1	0	1	0	0	0	0	1	1	1	1	1	0	0	0	0	0	0	0	1	0
isosceles_trapezoid	quadrangle	1	1	0	1	1	0	0	1	0	0	0	0	0	1	1	1	1	0	0	0	0	0	0	0	1	0
thin_isosceles_trapezoid	quadrangle	1	1	0	1	1	0	0	1	0	0	0	0	1	1	1	1	1	0	0	0	0	0	0	0	1	0
right_trapezoid	quadrangle	1	1	0	1	0	0	0	1	0	0	0	0	0	1	1	1	1	0	0	0	0	0	0	0	1	0
thin_right_trapezoid	quadrangle	0	1	0	1	0	0	0	1	0	0	0	0	1	1	1	1	1	0	0	0	0	0	0	0	1	0
acute_nonisosc_trapezoid	quadrangle	0	1	0	1	0	0	0	1	0	0	0	0	1	1	1	1	1	0	0	0	0	0	0	0	1	0
obtuse_nonisosc_trapezoid	quadrangle	1	1	0	1	0	0	0	1	0	0	0	0	0	1	1	1	1	0	0	0	0	0	0	0	1	0
symmetric_dagger	quadrangle	1	0	0	1	1	0	0	1	0	0	0	0	0	1	1	1	1	0	0	0	0	0	0	0	1	0
inverse_symm_dagger	quadrangle	1	1	0	1	1	0	0	1	0	0	0	0	0	1	1	1	1	0	0	0	0	0	0	0	1	0
thin_symm_dagger	quadrangle	0	0	0	1	1	0	0	1	0	0	0	0	1	1	1	0	1	0	0	0	0	0	0	0	1	0
thin_inverse_symm_dagger	quadrangle	0	1	0	1	1	0	0	1	0	0	0	0	1	1	1	1	1	0	0	0	0	0	0	0	1	0
asymmetric_dagger	quadrangle	0	0	0	1	0	0	0	1	0	0	0	0	0	1	1	1	1	0	0	0	0	0	0	0	1	0
inverse_asymm_dagger	quadrangle	1	1	0	1	0	0	0	1	0	0	0	0	0	1	1	1	1	0	0	0	0	0	0	0	1	0
half_dagger	quadrangle	1	0	0	1	0	0	0	1	0	0	0	0	0	1	1	1	1	0	0	0	0	0	0	0	1	0
thin_half_dagger	quadrangle	0	0	0	1	0	0	0	1	0	0	0	0	1	1	1	-1	1	0	0	0	0	0	0	0	1	0
irregular_quadrangle	quadrangle	1	1	0	1	0	0	0	1	0	0	0	0	0	1	1	1	1	0	0	0	0	0	0	0	1	0
square_funnel	quadrangle*	1	-1	0	1	1	1	0	1	1	1	0	0	0	1	1	0	1	1	1	1	0	0	0	1	0	0
rect_funnel	quadrangle*	1	-1	0	1	1	1	0	1	1	1	0	0	0	1	1	-1	1	1	1	1	0	0	1	1	0	0
thin_rect_funnel	quadrangle*	0	-1	0	1	1	1	0	1	1	1	0	0	1	1	-1	1	1	1	1	1	0	0	0	1	0	0
symm_parallel_funnel	quadrangle*	0	-1	0	1	1	0	0	1	1	1	0	0	0	1	1	-1	1	1	1	0	1	0	1	1	0	0
asymm_parallel_funnel	quadrangle*	0	-1	0	1	0	0	0	1	1	1	0	0	0	1	1	-1	1	1	1	0	1	0	0	1	0	0
symmetric_bat	quadrangle*	1	-1	0	1	1	0	0	1	1	1	0	0	0	1	1	-1	1	1	1	1	0	0	0	1	0	0
thin_symm_bat	quadrangle*	0	-1	0	1	1	0	0	1	1	1	0	0	1	1	1	-1	1	1	1	1	0	0	0	1	0	0
asymmetric_bat	quadrangle*	0	-1	0	1	0	0	0	1	1	1	0	0	0	1	1	-1	1	1	1	0	1	0	0	1	0	0
flat_symm_bat	quadrangle*	0	-1	0	1	1	0	0	1	1	1	0	0	1	1	1	1	1	1	1	1	0	0	0	1	0	0
regular_pentagon	pentagon	1	1	0	1	1	0	0	0	1	0	0	0	0	1	0	1	1	0	0	0	0	0	1	0	0	0
inverse_regular_pentagon	pentagon	1	0	0	1	1	0	0	0	1	0	0	0	0	1	1	1	1	0	0	0	0	0	0	0	0	0
symmetric_house	pentagon	1	1	0	1	1	0	0	0	1	0	0	0	0	1	0	1	1	0	0	0	0	0	0	0	0	0
inverse_symmetric_house	pentagon	1	0	0	1	1	0	0	0	1	0	0	0	0	1	1	-1	1	0	0	0	0	0	0	0	0	0
asymmetric_house	pentagon	1	1	0	1	0	0	0	0	1	0	0	0	0	1	0	1	1	0	0	0	0	0	0	0	0	0
inverse_asymmetric_house	pentagon	1	0	0	1	0	0	0	0	1	0	0	0	0	1	1	0	1	0	0	0	0	0	0	0	0	0
symmetric_moth	pentagon	1	1	0	1	1	0	0	0	1	0	0	0	0	1	-1	1	1	0	0	0	0	0	0	0	0	0
inverse_symmetric_moth	pentagon	1	0	0	1	1	0	0	0	1	0	0	0	0	1	-1	-1	1	0	0	0	0	0	0	0	0	0
asymmetric_moth	pentagon	0	1	0	1	0	0	0	0	1	0	0	0	0	1	-1	1	1	0	0	0	0	0	0	0	0	0
inverse_asymmetric_moth	pentagon	1	0	0	1	0	0	0	0	1	0	0	0	0	1	1	1	1	0	0	0	0	0	0	0	0	0
symmetric_frog	pentagon	1	0	0	1	1	0	0	0	1	0	0	0	-1	1	1	1	1	0	0	0	0	0	0	0	0	0
inverse_symmetric_frog	pentagon*	0	-1	0	1	1	0	0	0	1	1	1	1	-1	1	1	1	1	1	0	0	0	0	0	1	0	0
asymmetric_frog	pentagon	1	0	0	1	0	0	0	0	1	0	0	0	-1	1	1	1	1	0	0	0	0	0	0	0	0	0
inverse_asymmetric_frog	pentagon*	0	-1	0	1	0	0	0	0	1	1	1	1	-1	1	1	1	1	1	0	0	0	0	0	1	0	0
symmetric_fish	pentagon*	0	-1	0	1	1	0	0	0	1	1	1	0	-1	1	-1	1	1	1	1	0	1	0	0	1	1	0
inverse_symmetric_fish	pentagon*	0	-1	0	1	1	0	0	0	1	1	1	0	-1	1	1	1	1	1	1	-1	-1	0	-1	1	1	0
asymmetric_fish	pentagon*	0	-1	0	1	0	0	0	0	1	1	1	0	-1	1	-1	1	1	1	1	0	1	0	-1	1	1	0
inverse_asymmetric_fish	pentagon*	0	-1	0	1	0	0	0	0	1	1	1	0	-1	1	1	1	1	1	1	0	1	0	-1	1	1	0
balanced_fish	pentagon*	1	-1	0	1	1	0	0	0	1	1	1	0	0	1	1	-1	1	1	1	1	0	0	1	1	1	0
two_equilateral_triangles	pentagon*	1	-1	0	1	1	0	0	0	1	1	0	0	0	1	1	1	1	1	1	1	0	0	1	1	0	0
two_same_right_triangles	pentagon*	1	-1	0	1	0	0	0	0	1	1	0	0	0	1	1	1	1	1	1	1	0	0	0	1	0	0
two_mirror_right_triangles	pentagon*	1	-1	0	1	1	0	0	0	1	1	0	0	0	1	1	1	1	1	1	1	0	0	0	1	0	0
two_updown_right_triangles	pentagon*	1	-1	0	1	0	0	0	0	1	1	0	0	0	1	1	1	1	1	1	1	0	0	0	1	0	0
right_equilateral_triangles	pentagon*	1	-1	0	1	0	0	0	0	1	1	0	0	0	1	1	1	1	1	1	1	0	0	1	1	0	0
two_unbalanced_triangles	pentagon*	0	-1	0	1	0	0	0	0	1	1	0	0	-1	1	1	1	1	1	1	0	1	0	0	1	0	0
two_mirror_unbala_triangles	pentagon*	0	-1	0	1	0	0	0	0	1	1	0	0	-1	1	1	1	1	1	1	0	1	0	0	1	0	0
two_same_obtuse_triangles	pentagon*	0	-1	0	1	0	0	0	0	1	1	0	0	-1	1	1	1	1	1	1	1	0	0	0	1	0	0
two_mirror_obtuse_triangles	pentagon*	0	-1	0	1	1	0	0	0	1	1	0	0	1	1	1	1	1	1	1	1	0	0	0	1	0	0
two_updown_obtuse_triangles	pentagon*	0	-1	0	1	0	0	0	0	1	1	0	0	-1	1	1	1	1	1	1	1	0	0	0	1	0	0
big_small_equil_triangles	pentagon*	0	-1	0	1	0	0	0	0	1	1	0	0	0	1	1	1	1	1	1	0	1	0	1	1	0	0
big_small_right_triangles	pentagon*	0	-1	0	1	0	0	0	0	1	1	0	0	0	1	1	1	1	1	1	0	1	0	0	1	0	0
big_small_obtuse_triangles	pentagon*	0	-1	0	1	0	0	0	0	1	1	0	0	-1	1	1	-1	1	1	1	0	1	0	0	1	0	0
regular_hexagon	hexagon	1	1	0	1	1	1	0	0	0	1	0	0	0	1	0	1	1	0	0	0	0	0	1	0	0	0
right_hexagon	hexagon	1	1	0	1	1	0	0	0	0	1	0	0	0	1	0	1	1	0	0	0	0	0	0	0	0	0
inverse_right_hexagon	hexagon	1	0	0	1	1	0	0	0	0	1	0	0	0	1	1	1	1	0	0	0	0	0	0	0	0	0
inverse_obtuse_hexagon	hexagon	1	0	0	1	1	0	0	0	0	1	0	0	0	1	1	1	1	0	0	0	0	0	0	0	0	0
acute_hexagon	hexagon	0	1	0	1	1	0	0	0	0	1	0	0	0	1	-1	1	1	0	0	0	0	0	0	0	0	0
inverse_acute_hexagon	hexagon	0	0	0	1	1	0	0	0	0	1	0	0	0	1	1	1	1	0	0	0	0	0	0	0	0	0
square_acute_hexagon	hexagon	1	0	0	1	1	0	0	0	0	1	0	0	0	1	-1	1	1	0	0	0	0	0	0	0	0	0
inverse_square_acute_hexagon	hexagon	0	0	0	1	1	0	0	0	0	1	0	0	-1	1	1	0	1	0	0	0	0	0	0	0	0	0
rect_acute_hexagon	hexagon	0	0	0	1	1	0	0	0	0	1	0	0	0	1	-1	1	1	0	0	0	0	0	0	0	0	0
inverse_rect_acute_hexagon	hexagon	0	0	0	1	1	0	0	0	0	1	0	0	0	1	1	0	1	0	0	0	0	0	0	0	0	0
trapez_acute_hexagon	hexagon	0	0	0	1	0	0	0	0	0	1	0	0	0	1	1	1	1	0	0	0	0	0	0	0	0	0
inverse_trapez_acute_hexagon	hexagon	0	0	0	1	0	0	0	0	0	1	0	0	-1	1	1	-1	1	0	0	0	0	0	0	0	0	0
triangle_acute_hexagon	hexagon	0	0	0	1	0	0	0	0	0	1	0	0	0	1	1	1	1	0	0	0	0	0	0	0	0	0
inverse_triangle_acute_hexagon	hexagon	0	0	0	1	0	0	0	0	0	1	0	0	0	1	1	1	1	0	0	0	0	0	0	0	0	0
square_parallelogram	hexagon	1	0	0	1	0	0	0	0	0	1	0	0	0	1	1	1	1	0	0	0	0	0	0	0	0	0
inverse_square_parallel	hexagon*	0	-1	0	1	0	0	0	0	0	1	1	1	0	1	1	1	1	1	1	0	1	0	0	1	0	0
rect_parallelogram	hexagon	0	0	0	1	0	0	0	0	0	1	0	0	0	1	1	1	1	0	0	0	0	0	0	0	0	0
inverse_rect_parallel	hexagon*	0	-1	0	1	0	0	0	0	0	1	1	1	0	1	1	1	1	1	1	0	1	0	0	1	0	0
trapez_parallelogram	hexagon	0	0	0	1	0	0	0	0	0	1	0	0	0	1	1	1	1	0	0	0	0	0	0	0	0	0
inverse_trapez_parallel	hexagon*	0	-1	0	1	0	0	0	0	0	1	1	1	0	1	1	1	1	1	1	0	1	0	0	1	0	0
triangle_parallelogram	hexagon	0	0	0	1	0	0	0	0	0	1	0	0	0	1	1	1	1	0	0	0	0	0	0	0	0	0
inverse_triangle_parallel	hexagon	0	0	0	1	0	0	0	0	0	1	0	0	0	1	1	1	1	0	0	0	0	0	0	0	0	0
symmetric_arrow	hexagon	1	0	0	1	1	0	0	0	0	1	0	0	0	1	1	1	1	0	0	0	0	0	0	0	0	0
asymmetric_arrow	hexagon	1	0	0	1	0	0	0	0	0	1	0	0	0	1	1	1	1	0	0	0	0	0	0	0	0	0
thin_symmetric_arrow	hexagon	0	0	0	1	1	0	0	0	0	1	0	0	1	1	1	1	1	0	0	0	0	0	0	0	0	0
thin_asymmetric_arrow	hexagon	0	0	0	1	0	0	0	0	0	1	0	0	1	1	1	1	1	0	0	0	0	0	0	0	0	0
thin_symmetric_boat	hexagon	0	0	0	1	1	0	0	0	0	1	0	0	1	1	1	1	1	0	0	0	0	0	0	0	0	0
symmetric_cup	hexagon	1	0	0	1	1	1	0	0	0	1	0	0	0	1	1	1	1	0	0	0	0	1	0	0	0	0
asymmetric_cup	hexagon	1	0	0	1	0	0	0	0	0	1	0	0	0	1	1	1	1	0	0	0	0	1	0	0	0	0
unbalanced_symm_cup	hexagon	0	0	0	1	1	0	0	0	0	1	0	0	0	1	1	0	1	0	0	0	0	1	0	0	0	0
thin_symmetric_cup	hexagon	0	0	0	1	1	1	0	0	0	1	0	0	1	1	1	0	1	0	0	0	0	1	0	0	0	0
thin_unbalanced_symm_cup	hexagon	0	0	0	1	1	0	0	0	0	1	0	0	1	1	1	0	1	0	0	0	0	1	0	0	0	0
thin_z	hexagon	0	0	0	1	0	1	0	0	0	1	0	0	1	1	1	0	1	0	0	0	0	1	0	0	0	0
square_right_triangle	hexagon*	1	-1	0	1	0	0	0	0	0	1	1	0	0	1	1	1	1	1	1	-1	-1	0	1	1	1	0
square_down_right_triangle	hexagon*	1	-1	0	1	0	0	0	0	0	1	1	0	0	1	1	1	1	1	1	-1	-1	0	1	1	1	0
thin_rec_right_triangle	hexagon*	0	-1	0	1	0	0	0	0	0	1	1	0	1	1	1	1	1	1	1	-1	-1	0	0	1	1	0
thin_rec_down_right_triangle	hexagon*	0	-1	0	1	0	0	0	0	0	1	1	0	1	1	1	1	1	1	1	-1	-1	0	0	1	1	0
unbala_trapezoid_right_triangle	hexagon*	0	-1	0	1	0	0	0	0	0	1	1	0	-1	1	1	1	1	1	1	0	1	0	0	1	1	0
unbala_trapez_down_right_triangle	hexagon*	0	-1	0	1	0	0	0	0	0	1	1	0	0	1	1	1	1	1	1	0	1	0	0	1	1	0
unbala_dagger_triangle	hexagon*	0	-1	0	1	0	0	0	0	0	1	1	0	0	1	1	1	1	1	1	0	1	0	1	1	1	0
two_symm_bala_quadrangles	hexagon*	1	-1	0	1	1	1	0	0	0	1	1	1	0	1	-1	-1	1	1	1	1	0	0	0	0	1	0
two_symm_unbala_quadrangles	hexagon*	0	-1	0	1	1	0	0	0	0	1	1	1	0	1	1	1	1	1	1	0	1	0	0	0	1	0
two_asymm_bala_quadrangles	hexagon*	1	-1	0	1	0	1	0	0	0	1	1	1	0	1	-1	-1	1	1	1	1	0	0	0	0	1	0
two_asymm_unbala_quadrangles	hexagon*	0	-1	0	1	0	0	0	0	0	1	1	1	0	1	1	1	1	1	1	0	1	0	0	0	1	0
thin_symm_quagrangles	hexagon*	0	-1	0	1	1	1	0	0	0	1	1	1	1	1	1	1	1	1	1	1	0	0	0	0	1	0
thin_asymm_quagrangles	hexagon*	0	-1	0	1	0	0	0	0	0	1	1	1	1	1	1	1	1	1	1	1	0	0	0	0	1	0
symmetric_goldfish	hexagon*	0	-1	0	1	1	0	0	0	0	1	1	1	0	1	1	-1	1	1	1	0	1	0	0	0	1	0
asymmetric_goldfish	hexagon*	0	-1	0	1	0	0	0	0	0	1	1	1	0	1	1	-1	1	1	1	1	0	0	0	0	1	0
symm_unbala_goldfish	hexagon*	0	-1	0	1	1	0	0	0	0	1	1	1	-1	1	1	-1	1	1	1	0	1	0	0	0	1	0
asymm_unbala_goldfish	hexagon*	0	-1	0	1	0	0	0	0	0	1	1	1	-1	1	1	-1	1	1	1	0	1	0	0	0	1	0
thin_symmetric_goldfish	hexagon*	0	-1	0	1	1	0	0	0	0	1	1	1	1	1	1	-1	1	1	1	-1	-1	0	0	0	1	0
regular_x	hexagon*	0	-1	0	1	1	1	0	0	0	1	1	1	0	1	1	1	1	1	1	1	0	0	0	0	1	0
pointy_regular_x	hexagon*	0	-1	0	1	1	1	0	0	0	1	1	1	-1	1	1	1	1	1	1	1	0	0	0	0	1	0
symmetric_bala_x	hexagon*	0	-1	0	1	1	0	0	0	0	1	1	1	0	1	1	1	1	1	1	-1	-1	0	0	0	1	0
symmetric_unbala_x	hexagon*	0	-1	0	1	1	0	0	0	0	1	1	1	-1	1	1	1	1	1	1	0	1	0	0	0	1	0
asymmetric_unbala_x	hexagon*	0	-1	0	1	0	0	0	0	0	1	1	1	-1	1	1	1	1	1	1	0	1	0	0	0	1	0
transposed_x	hexagon*	0	-1	0	1	0	1	0	0	0	1	1	1	-1	1	1	1	1	1	1	1	0	0	0	0	1	0
thin_transposed_x	hexagon*	0	-1	0	1	0	1	0	0	0	1	1	1	1	1	1	-1	1	1	1	1	0	0	0	0	-1	0
thin_irregular_x	hexagon*	0	-1	0	1	0	0	0	0	0	1	1	1	1	1	1	1	1	1	1	-1	-1	0	0	0	-1	0
regular_heptagon	heptagon	0	1	0	1	1	0	0	0	0	0	1	0	0	1	0	1	1	0	0	0	0	0	1	0	0	0
symmetric_mouth	heptagon	1	0	0	1	1	0	0	0	0	0	1	0	0	1	1	1	1	0	0	0	0	0	0	0	0	0
asymmetric_mouth	heptagon	0	0	0	1	0	0	0	0	0	0	1	0	0	1	1	1	1	0	0	0	0	0	0	0	0	0
irregular_heptagon	heptagon	0	1	0	1	0	0	0	0	0	0	1	0	0	1	0	1	1	0	0	0	0	0	0	0	0	0
right_nose	heptagon	1	0	0	1	0	0	0	0	0	0	1	0	0	1	1	1	1	0	0	0	0	0	0	0	0	0
symmetric_nose	heptagon	1	0	0	1	1	0	0	0	0	0	1	0	0	1	1	1	1	0	0	0	0	0	0	0	0	0
asymmetric_nose	heptagon	1	0	0	1	0	0	0	0	0	0	1	0	0	1	1	1	1	0	0	0	0	0	0	0	0	0
symmetric_crown	heptagon	1	0	0	1	1	0	0	0	0	0	1	0	0	1	1	0	1	0	0	0	0	0	0	0	0	0
asymmetric_crown	heptagon	1	0	0	1	0	0	0	0	0	0	1	0	0	1	1	1	1	0	0	0	0	0	0	0	0	0
symmetric_clamp	heptagon	0	0	0	1	1	0	0	0	0	0	1	0	-1	1	1	1	1	0	0	0	0	1	0	0	0	0
asymmetric_clamp	heptagon	0	0	0	1	0	0	0	0	0	0	1	0	-1	1	1	1	1	0	0	0	0	1	0	0	0	0
irregular_octagon	octagon	0	0	0	1	0	0	0	0	0	0	0	1	0	1	1	1	1	0	0	0	0	0	0	0	0	0
regular_lamp	octagon	1	0	0	1	1	1	0	0	0	0	0	1	0	1	1	1	1	0	0	0	0	1	0	0	0	0
symmetric_lamp	octagon	1	0	0	1	1	0	0	0	0	0	0	1	-1	1	1	1	1	0	0	0	0	1	0	0	0	0
transposed_lamp	octagon	1	0	0	1	0	1	0	0	0	0	0	1	-1	1	1	1	1	0	0	0	0	1	0	0	0	0
asymmetric_lamp	octagon	1	0	0	1	0	0	0	0	0	0	0	1	-1	1	1	1	1	0	0	0	0	1	0	0	0	0
thin_regular_lamp	octagon	0	0	0	1	1	1	0	0	0	0	0	1	1	1	1	1	1	0	0	0	0	1	0	0	0	0
unbala_regular_lamp	octagon	0	0	0	1	1	0	0	0	0	0	0	1	0	1	1	1	1	0	0	0	0	1	0	0	0	0
unbala_asymm_lamp	octagon	0	0	0	1	0	0	0	0	0	0	0	1	0	1	1	1	1	0	0	0	0	1	0	0	0	0
rec_symm_arc180	quasi_sector	1	1	1	1	1	0	1	0	0	0	0	0	0	1	0	0	1	0	0	0	0	0	0	0	0	0
inverse_rec_symm_arc180	quasi_sector	0	-1	1	1	1	0	1	1	1	0	0	0	1	1	1	-1	1	1	0	0	0	0	0	0	0	0
right_trap_arc180	quasi_sector	1	1	1	1	0	0	1	0	0	0	0	0	0	1	0	1	1	0	0	0	0	0	0	0	0	0
inverse_right_trap_arc180	quasi_sector	0	-1	1	1	0	0	1	1	0	0	0	0	1	1	1	1	1	1	1	0	1	0	0	0	0	0
parallel_arc180	quasi_sector	1	0	1	1	0	0	1	0	0	0	0	0	0	1	1	1	1	0	0	0	0	0	0	0	0	0
inverse_parallel_arc180	quasi_sector	0	-1	1	1	0	0	1	1	0	0	0	0	-1	1	1	1	1	1	1	0	1	0	0	0	0	0
trap_symm_arc180	quasi_sector	1	1	1	1	1	0	1	0	0	0	0	0	0	1	0	1	1	0	0	0	0	0	0	0	0	0
inverse_trap_arc180	quasi_sector	0	0	1	1	1	0	1	0	0	0	0	0	-1	1	1	1	1	0	0	0	0	0	0	0	0	0
dagger_arc180	quasi_sector	1	0	1	1	0	0	1	0	0	0	0	0	0	1	1	1	1	0	0	0	0	0	0	0	0	0
quard_arc180	quasi_sector	1	1	1	1	0	0	1	0	0	0	0	0	0	1	0	1	1	0	0	0	0	0	0	0	0	0
acute_triangle_arc180	quasi_sector	1	0	1	1	0	0	1	0	0	0	0	0	0	1	-1	1	1	0	0	0	0	0	0	0	0	0
inverse_acute_triangle_arc180	quasi_sector	0	0	1	1	0	0	1	0	0	0	0	0	0	1	1	1	1	0	0	0	0	0	0	0	0	0
obtuse_triangle_arc180	quasi_sector	1	0	1	1	0	0	1	0	0	0	0	0	0	1	1	-1	1	0	0	0	0	0	0	0	0	0
inverse_obtuse_triangle_arc180	quasi_sector	0	0	1	1	0	0	1	0	0	0	0	0	0	1	1	0	1	0	0	0	0	0	0	0	0	0
two_symm_arcs	quasi_sector	0	-1	1	1	1	0	0	0	0	0	0	0	1	1	1	-1	1	1	1	1	0	0	0	0	0	0
sector_arc	quasi_sector	0	-1	1	1	0	0	1	0	0	0	0	0	-1	1	1	-1	1	1	1	-1	-1	0	0	0	0	1
inverse_sector_arc	quasi_sector	0	-1	1	1	0	0	1	0	0	0	0	0	-1	1	1	-1	1	1	1	-1	-1	0	0	0	0	0
quasi_sector_arc	quasi_sector	0	-1	1	1	0	0	1	0	0	0	0	0	0	1	1	-1	1	1	1	0	1	0	0	0	0	0
inverse_quasi_sector_arc	quasi_sector	0	-1	1	1	0	0	1	0	0	0	0	0	-1	1	1	1	1	1	1	-1	-1	0	0	0	0	0
zero_symm_bridge	quasi_sector	0	-1	1	1	1	0	1	1	0	0	0	0	1	1	1	0	1	1	1	1	0	0	0	0	0	0
thin_symm_bridge	quasi_sector	0	0	1	1	1	0	1	0	0	0	0	0	1	1	1	0	1	0	0	0	0	0	0	0	0	0
symm_bridge	quasi_sector	1	0	1	1	1	0	1	0	0	0	0	0	0	1	1	0	1	0	0	0	0	0	0	0	0	0
asymm_bridge	quasi_sector	1	0	1	1	0	0	1	0	0	0	0	0	-1	1	1	1	1	0	0	0	0	0	0	0	0	0
symm_trap_bridge	quasi_sector	0	0	1	1	1	0	1	0	0	0	0	0	1	1	1	0	1	0	0	0	0	0	0	0	0	0
asymm_trap_bridge	quasi_sector	0	0	1	1	0	0	1	0	0	0	0	0	1	1	1	-1	1	0	0	0	0	0	0	0	0	0
parallel_bridge	quasi_sector	1	0	1	1	0	0	1	0	0	0	0	0	0	1	1	1	1	0	0	0	0	0	0	0	0	0
thin_parallel_bridge	quasi_sector	0	0	1	1	0	0	1	0	0	0	0	0	1	1	1	-1	1	0	0	0	0	0	0	0	0	0
arc_cup	quasi_sector	1	0	1	1	1	1	0	0	0	0	0	0	0	1	1	0	1	0	0	0	0	1	0	0	0	0
trans_arc_cup	quasi_sector	1	0	1	1	0	1	0	0	0	0	0	0	0	1	1	0	1	0	0	0	0	1	0	0	0	0
touched_arc_cup	quasi_sector	0	-1	1	1	1	1	0	0	0	0	0	0	-1	1	1	0	1	1	1	1	0	0	0	0	0	0
thin_regular_arc_cup	quasi_sector	0	0	1	1	1	1	0	0	0	0	0	0	-1	1	1	0	1	0	0	0	0	1	0	0	0	0
thin_trans_arc_cup	quasi_sector	0	0	1	1	0	1	0	0	0	0	0	0	-1	1	1	0	1	0	0	0	0	1	0	0	0	0
symm_arc_cup	quasi_sector	0	0	1	1	1	0	0	0	0	0	0	0	0	1	1	0	1	0	0	0	0	1	0	0	0	0
irregular_arc_cup	quasi_sector	0	0	1	1	0	0	0	0	0	0	0	0	0	1	1	0	1	0	0	0	0	1	0	0	0	0
thin_symm_arc_cup	quasi_sector	0	-1	1	1	1	0	0	0	0	0	0	0	-1	1	1	-1	1	-1	-1	-1	-1	-1	0	0	0	0
thin_irregular_arc_cup	quasi_sector	0	-1	1	1	0	0	0	0	0	0	0	0	-1	1	1	-1	1	-1	-1	-1	-1	-1	0	0	0	0
symm_trans_band	quasi_sector	1	0	1	1	1	0	0	0	0	0	0	0	0	1	1	-1	1	0	0	0	0	0	0	0	0	0
thin_symm_trans_band	quasi_sector	0	0	1	1	1	0	0	0	0	0	0	0	1	1	-1	-1	1	0	0	0	0	0	0	0	0	0
trans_band	quasi_sector	1	0	1	1	0	0	0	0	0	0	0	0	0	1	1	-1	1	0	0	0	0	0	0	0	0	0
thin_trans_band	quasi_sector	0	0	1	1	0	0	0	0	0	0	0	0	1	1	1	-1	1	0	0	0	0	0	0	0	0	0
symm_band	quasi_sector	1	0	1	1	1	0	0	0	0	0	0	0	0	1	1	-1	1	0	0	0	0	0	0	0	0	0
thin_symm_band	quasi_sector	0	0	1	1	1	0	0	0	0	0	0	0	1	1	1	1	1	0	0	0	0	0	0	0	0	0
asymm_band	quasi_sector	1	0	1	1	0	0	0	0	0	0	0	0	0	1	1	-1	1	0	0	0	0	0	0	0	0	0
symm_trans_turtle	quasi_sector	1	1	1	1	1	1	0	0	0	0	0	0	0	1	0	1	1	0	0	0	0	0	0	0	0	0
trans_turtle	quasi_sector	1	1	1	1	0	1	0	0	0	0	0	0	0	1	-1	0	1	0	0	0	0	0	0	0	0	0
symm_trans_axe	quasi_sector	1	0	1	1	1	1	0	1	0	0	0	0	0	1	-1	1	1	0	0	0	0	1	0	0	0	0
symm_axe	quasi_sector	1	0	1	1	1	0	0	1	0	0	0	0	0	1	-1	1	1	0	0	0	0	1	0	0	0	0
trans_axe	quasi_sector	1	0	1	1	0	1	0	1	0	0	0	0	0	1	1	-1	1	0	0	0	0	1	0	0	0	0
symm_trans_sharp_axe	quasi_sector	0	0	1	1	1	1	0	1	0	0	0	0	0	1	1	-1	1	0	0	0	0	1	0	0	0	0
symm_sharp_axe	quasi_sector	0	0	1	1	1	0	0	1	0	0	0	0	0	1	1	-1	1	0	0	0	0	1	0	0	0	0
trans_sharp_axe	quasi_sector	0	0	1	1	0	1	0	1	0	0	0	0	0	1	1	0	1	0	0	0	0	1	0	0	0	0
inverse_symm_sharp_axe	quasi_sector	0	0	1	1	1	1	0	1	0	0	0	0	0	1	1	-1	1	0	0	0	0	0	0	0	0	0
inverse_trans_sharp_axe	quasi_sector	0	0	1	1	1	0	0	1	0	0	0	0	0	1	1	-1	1	0	0	0	0	0	0	0	0	0
inverse_asymm_sharp_axe	quasi_sector	0	0	1	1	0	0	0	1	0	0	0	0	0	1	1	-1	1	0	0	0	0	0	0	0	0	0
open_equilateral_traingle	triangle	1	-1	0	1	1	0	0	0	0	0	0	0	0	0	1	0	1	0	0	0	0	0	0	0	0	0
open_right_equi_triangle	triangle	1	-1	0	1	0	0	0	0	0	0	0	0	0	0	1	0	1	0	0	0	0	0	0	0	0	0
open_square_right_triangle	hexagon*	1	-1	0	1	0	0	0	0	1	1	0	0	0	0	1	1	1	1	0	-1	-1	0	0	1	0	0
open_thin_symmetric_arrow	hexagon	0	-1	0	1	0	0	0	0	1	0	0	0	1	0	1	1	1	0	0	0	0	0	0	0	0	0
open_regular_hexagon	hexagon	1	-1	0	1	1	0	0	0	1	0	0	0	0	0	0	1	1	0	0	0	0	0	0	0	0	0
open_rec_symm_arc180	quasi_sector	1	-1	1	1	0	0	1	0	0	0	0	0	0	0	0	0	1	0	0	0	0	0	0	0	0	0
open_regular_heptagon	heptagon	1	-1	0	1	1	0	0	0	0	1	0	0	0	0	0	1	1	0	0	0	0	0	0	0	0	0
open_two_equilateral_triangles	pentagon*	1	-1	0	1	0	0	0	1	1	0	0	0	0	0	1	1	1	1	0	-1	-1	0	1	1	0	0
open_right_trapezoid	quadrangle	1	-1	0	1	0	0	1	0	0	0	0	0	0	0	1	1	1	0	0	0	0	0	0	0	0	0
open_two_asymm_bala_quadrangles	hexagon*	1	-1	0	1	0	0	0	0	1	1	1	0	0	0	-1	-1	1	1	0	-1	-1	0	0	0	1	0
open_symmetric_crown	heptagon	1	-1	0	1	1	0	0	0	0	1	0	0	0	0	1	0	1	0	0	0	0	0	0	0	0	0
open_trap_symm_arc180	quasi_sector	1	-1	1	1	0	0	1	0	0	0	0	0	0	0	0	1	1	0	0	0	0	0	0	0	0	0
open_two_symm_arcs	quasi_sector	0	-1	1	1	0	0	0	0	0	0	0	0	-1	0	1	-1	1	1	1	-1	-1	0	0	0	0	0
open_symm_trans_band	quasi_sector	0	-1	1	1	0	0	0	0	0	0	0	0	0	0	1	1	1	0	0	0	0	0	0	0	0	0
open_symm_bridge	quasi_sector	0	-1	1	1	0	0	1	0	0	0	0	0	0	0	1	0	1	0	0	0	0	0	0	0	0	0
band_half_circles	quasi_sector	1	1	1	1	1	1	0	0	0	0	0	0	0	1	0	0	0	0	0	0	0	0	0	0	0	0
open_band_half_circles	quasi_sector	1	-1	1	1	1	0	0	0	0	0	0	0	-1	0	0	0	0	0	0	0	0	0	0	0	0	0
open_line_half_circle	quasi_sector	1	-1	1	1	0	0	0	0	0	0	0	0	-1	0	0	0	0	0	0	0	0	0	0	0	0	0
open_s	arc	1	-1	1	0	0	1	0	0	0	0	0	0	-1	0	0	0	0	0	0	0	0	0	0	0	0	0
open_line_s	arc	1	-1	1	1	0	1	0	0	0	0	0	0	-1	0	0	0	0	0	0	0	0	0	0	0	0	0
open_symm_arc60	arc	1	-1	1	1	1	0	0	0	0	0	0	0	-1	0	0	0	0	0	0	0	0	0	0	0	0	0
open_asymm_arc60	arc	1	-1	1	1	0	0	0	0	0	0	0	0	-1	0	0	0	0	0	0	0	0	0	0	0	0	0
symm_trans_arc_lamp	quasi_sector	0	0	1	1	1	1	0	0	0	1	0	0	-1	1	-1	1	1	0	0	0	0	1	0	0	0	0
trans_arc_lamp	quasi_sector	0	0	1	1	0	1	0	0	0	1	0	0	-1	1	1	1	1	0	0	0	0	1	0	0	0	0
symm_arc_lamp	quasi_sector	0	0	1	1	1	0	0	0	0	0	1	0	-1	1	1	1	1	0	0	0	0	1	0	0	0	0
asymm_arc_lamp	quasi_sector	0	0	1	1	0	0	0	0	0	0	1	0	-1	1	1	1	1	0	0	0	0	1	0	0	0	0
open_symm_trans_arc_lamp	quasi_sector	0	-1	1	1	1	0	0	0	0	1	0	0	-1	0	1	1	1	0	0	0	0	1	0	0	0	0
open_symm_arc_lamp	quasi_sector	0	-1	0	1	1	0	0	0	0	0	1	0	-1	0	1	1	1	0	0	0	0	1	0	0	0	0
open_equil_obtuse_triangle1	triangle	1	-1	0	1	1	0	0	0	0	0	0	0	-1	0	0	1	1	0	0	0	0	0	0	0	0	0
open_equil_obtuse_triangle2	triangle	0	-1	0	1	1	0	0	0	0	0	0	0	-1	0	0	1	1	0	0	0	0	0	0	0	0	0
open_equil_right_triangle	triangle	1	-1	0	1	1	0	0	0	0	0	0	0	-1	0	0	0	1	0	0	0	0	0	0	0	0	0
open_obtuse_triangle1	triangle	0	-1	0	1	0	0	0	0	0	0	0	0	-1	0	0	1	1	0	0	0	0	0	0	0	0	0
open_obtuse_triangle2	triangle	0	-1	0	1	0	0	0	0	0	0	0	0	-1	0	0	1	1	0	0	0	0	0	0	0	0	0
open_right_triangle	triangle	0	-1	0	1	0	0	0	0	0	0	0	0	-1	0	0	0	1	0	0	0	0	0	0	0	0	0
open_line_arc1	quasi_sector	0	-1	1	1	0	0	0	0	0	0	0	0	-1	0	0	0	0	0	0	0	0	0	0	0	0	0
open_line_arc2	quasi_sector	0	-1	1	1	0	0	0	0	0	0	0	0	-1	0	0	0	0	0	0	0	0	0	0	0	0	0
open_line_arc3	quasi_sector	1	-1	1	1	0	0	0	0	0	0	0	0	-1	0	0	0	0	0	0	0	0	0	0	0	0	0
open_line_arc4	quasi_sector	1	-1	1	1	0	0	0	0	0	0	0	0	-1	0	0	0	0	0	0	0	0	0	0	0	0	0
open_line_arc5	quasi_sector	0	-1	1	1	0	0	0	0	0	0	0	0	0	0	0	0	0	0	0	0	0	0	0	0	0	0
open_line_arc6	quasi_sector	0	-1	1	1	0	0	0	0	0	0	0	0	-1	0	0	0	0	0	0	0	0	0	0	0	0	0
open_s1	arc	1	-1	1	0	0	0	0	0	0	0	0	0	-1	0	0	0	0	0	0	0	0	0	0	0	0	0
open_s2	arc	1	-1	1	0	0	0	0	0	0	0	0	0	-1	0	0	0	0	0	0	0	0	0	0	0	0	0
open_s3	arc	1	-1	1	0	0	1	0	0	0	0	0	0	-1	0	0	0	0	0	0	0	0	0	0	0	0	0
open_s4	arc	1	-1	1	0	0	0	0	0	0	0	0	0	-1	0	0	0	0	0	0	0	0	0	0	0	0	0
open_s5	arc	1	-1	1	0	0	1	0	0	0	0	0	0	-1	0	0	0	0	0	0	0	0	0	0	0	0	0
open_arbitrary_arc1	arc	1	-1	1	0	1	0	0	0	0	0	0	0	-1	0	0	0	0	0	0	0	0	0	0	0	0	0
open_arbitrary_arc2	arc	1	-1	1	0	1	0	0	0	0	0	0	0	-1	0	0	0	0	0	0	0	0	0	0	0	0	0
open_line_s1	arc	1	-1	1	1	0	0	0	0	0	0	0	0	-1	0	0	0	0	0	0	0	0	0	0	0	0	0
open_line_s2	arc	1	-1	1	1	0	0	0	0	0	0	0	0	-1	0	0	0	0	0	0	0	0	0	0	0	0	0
open_line_s3	arc	1	-1	1	1	0	1	0	0	0	0	0	0	-1	0	0	0	0	0	0	0	0	0	0	0	0	0
open_line_s4	arc	1	-1	1	1	0	0	0	0	0	0	0	0	-1	0	0	0	0	0	0	0	0	0	0	0	0	0
open_line_s5	arc	1	-1	1	1	0	0	0	0	0	0	0	0	-1	0	0	0	0	0	0	0	0	0	0	0	0	0
open_arc_line_arc1	arc	1	-1	1	1	1	0	0	0	0	0	0	0	-1	0	0	0	0	0	0	0	0	0	0	0	0	0
open_arc_line_arc2	arc	1	-1	1	1	0	0	0	0	0	0	0	0	-1	0	0	0	0	0	0	0	0	0	0	0	0	0
open_arc_line_arc3	arc	1	-1	1	1	1	0	0	0	0	0	0	0	-1	0	0	0	0	0	0	0	0	0	0	0	0	0
open_arc_line_arc4	arc	1	-1	1	1	0	0	0	0	0	0	0	0	-1	0	0	0	0	0	0	0	0	0	0	0	0	0
open_arc_line_arc5	arc	1	-1	1	1	0	0	0	0	0	0	0	0	-1	0	0	0	0	0	0	0	0	0	0	0	0	0
open_arc_line_arc6	arc	1	-1	1	1	0	0	0	0	0	0	0	0	0	0	0	0	0	0	0	0	0	0	0	0	0	0
open_arc_line_arc7	arc	0	-1	1	1	0	0	0	0	0	0	0	0	0	0	0	0	0	0	0	0	0	0	0	0	0	0
band_four_arcs	quasi_sector	1	1	1	1	1	1	0	1	0	0	0	0	0	1	0	0	0	0	0	0	0	0	0	0	0	0
open_band_four_arcs1	quasi_sector	0	-1	1	1	1	0	1	0	0	0	0	0	0	0	0	0	0	0	0	0	0	0	0	0	0	0
open_band_four_arcs2	quasi_sector	0	-1	1	1	1	0	0	1	0	0	0	0	0	0	0	0	0	0	0	0	0	0	0	0	0	0
uneven_band_four_arcs	quasi_sector	1	1	1	1	1	1	0	1	0	0	0	0	0	1	0	0	0	0	0	0	0	0	0	0	0	0
open_uneven_band_four_arcs1	quasi_sector	0	-1	1	1	0	0	0	1	0	0	0	0	0	0	0	0	0	0	0	0	0	0	0	0	0	0
open_uneven_band_four_arcs2	quasi_sector	0	-1	1	1	1	0	1	0	0	0	0	0	0	0	0	0	0	0	0	0	0	0	0	0	0	0
open_uneven_band_four_arcs3	quasi_sector	0	-1	1	1	1	0	1	0	0	0	0	0	0	0	0	0	0	0	0	0	0	0	0	0	0	0
band_three_arcs1	quasi_sector	1	1	1	1	1	0	1	0	0	0	0	0	0	1	0	0	0	0	0	0	0	0	0	0	0	0
open_band_three_arcs1	quasi_sector	1	-1	1	1	1	0	1	0	0	0	0	0	0	0	0	0	0	0	0	0	0	0	0	0	0	0
open_band_three_arcs2	quasi_sector	0	-1	1	1	1	0	0	0	0	0	0	0	0	0	0	0	0	0	0	0	0	0	0	0	0	0
band_three_arcs2	quasi_sector	1	1	1	1	1	0	1	0	0	0	0	0	0	1	0	0	0	0	0	0	0	0	0	0	0	0
open_band_three_arcs3	quasi_sector	1	-1	1	1	1	0	1	0	0	0	0	0	0	0	0	0	0	0	0	0	0	0	0	0	0	0
open_band_three_arcs4	quasi_sector	0	-1	1	1	1	0	0	0	0	0	0	0	0	0	0	0	0	0	0	0	0	0	0	0	0	0
band_three_arcs3	quasi_sector	1	1	1	1	1	0	1	0	0	0	0	0	0	1	0	0	0	0	0	0	0	0	0	0	0	0
open_band_three_arcs5	quasi_sector	1	-1	1	1	1	0	1	0	0	0	0	0	0	0	0	0	0	0	0	0	0	0	0	0	0	0
open_band_three_arcs6	quasi_sector	0	-1	1	1	1	0	0	0	0	0	0	0	0	0	0	0	0	0	0	0	0	0	0	0	0	0
bala_two_intersect_circles1	arc	1	-1	1	0	1	1	0	0	0	0	0	0	-1	1	1	-1	1	0	1	1	0	0	0	0	0	0
bala_two_intersect_circles2	arc	1	-1	1	0	1	0	0	0	0	0	0	0	-1	1	1	-1	1	0	1	1	0	0	0	0	0	0
bala_two_intersect_circles3	arc	0	-1	1	0	1	0	0	0	0	0	0	0	-1	1	1	-1	1	0	1	1	0	0	0	0	0	0
bala_two_intersect_circles4	arc	1	-1	1	0	1	0	0	0	0	0	0	0	-1	1	1	-1	1	1	1	1	0	0	0	0	0	0
bala_two_intersect_circles5	arc	0	-1	1	0	1	1	0	0	0	0	0	0	1	1	1	-1	1	0	1	1	0	0	0	0	0	0
bala_two_intersect_circles6	arc	0	-1	1	0	1	0	0	0	0	0	0	0	1	1	1	-1	1	0	1	1	0	0	0	0	0	0
bala_two_intersect_circles7	arc	0	-1	1	0	1	0	0	0	0	0	0	0	1	1	1	-1	1	1	1	1	0	0	0	0	0	0
bala_two_intersect_circles8	arc	0	-1	1	0	1	0	0	0	0	0	0	0	1	1	1	-1	1	1	1	1	0	0	0	0	0	0
bala_two_intersect_circles9	arc	0	-1	1	0	1	0	0	0	0	0	0	0	-1	1	1	-1	1	1	1	1	0	0	0	0	0	0
scissor	arc	0	-1	1	0	1	0	0	0	0	0	0	0	-1	0	1	-1	1	0	0	0	0	0	0	0	0	0
unbala_two_intersect_circles1	arc	0	-1	1	0	1	0	0	0	0	0	0	0	0	1	1	-1	1	0	1	0	1	0	0	0	0	0
unbala_two_intersect_circles2	arc	0	-1	1	0	0	0	0	0	0	0	0	0	0	1	1	-1	1	0	1	0	1	0	0	0	0	0
unbala_two_intersect_circles3	arc	0	-1	1	0	0	0	0	0	0	0	0	0	0	1	1	-1	1	1	1	0	1	0	0	0	0	0
bala_three_intersect_circles1	arc	1	-1	1	0	1	0	0	0	0	0	0	0	0	1	1	-1	1	1	0	0	0	0	0	0	0	0
bala_three_intersect_circles2	arc	0	-1	1	0	0	0	0	0	0	0	0	0	-1	1	1	-1	1	1	0	0	0	0	0	0	0	0
bala_three_intersect_circles3	arc	0	-1	1	0	1	0	0	0	0	0	0	0	-1	1	1	-1	1	1	0	0	0	0	0	0	0	0
unbala_three_intersect_circles1	arc	0	-1	1	0	0	0	0	0	0	0	0	0	-1	1	1	-1	1	1	0	0	0	0	0	0	0	0
unbala_three_intersect_circles2	arc	0	-1	1	0	0	0	0	0	0	0	0	0	-1	1	1	-1	1	1	0	0	0	0	0	0	0	0
unbala_three_intersect_circles3	arc	0	-1	1	0	0	0	0	0	0	0	0	0	-1	1	1	-1	1	1	0	0	0	0	0	0	0	0
unbala_three_intersect_circles4	arc	0	-1	1	0	0	0	0	0	0	0	0	0	-1	1	1	-1	1	1	0	0	0	0	0	0	0	0
unbala_three_intersect_circles5	arc	0	-1	1	0	1	0	0	0	0	0	0	0	-1	1	1	-1	1	1	0	0	0	0	0	0	0	0
bala_four_intersect_circles1	arc	1	-1	1	0	1	1	0	0	0	0	0	0	0	1	1	-1	1	1	0	0	0	0	0	0	0	0
bala_four_intersect_circles2	arc	0	-1	1	0	0	0	0	0	0	0	0	0	-1	1	1	-1	1	1	0	0	0	0	0	0	0	0
bala_four_intersect_circles3	arc	0	-1	1	0	0	1	0	0	0	0	0	0	-1	1	1	-1	1	1	0	0	0	0	0	0	0	0
bala_four_intersect_circles4	arc	0	-1	1	0	0	0	0	0	0	0	0	0	-1	1	1	-1	1	1	0	0	0	0	0	0	0	0
bala_four_intersect_circles5	arc	0	-1	1	0	0	0	0	0	0	0	0	0	-1	1	1	-1	1	1	0	0	0	0	0	0	0	0
bala_four_intersect_circles6	arc	0	-1	1	0	1	1	0	0	0	0	0	0	-1	1	1	-1	1	1	0	0	0	0	0	0	0	0
bird1	arc	1	-1	1	0	1	0	0	0	0	0	0	0	-1	0	-1	0	1	0	0	0	0	0	0	0	0	0
bird2	arc	1	-1	1	0	1	0	0	0	0	0	0	0	-1	0	1	0	1	0	0	0	0	0	0	0	0	0
bird3	arc	1	-1	1	0	0	0	0	0	0	0	0	0	-1	0	1	0	1	0	0	0	0	0	0	0	0	0
bird4	arc	1	-1	1	0	0	0	0	0	0	0	0	0	-1	0	0	-1	1	0	0	0	0	0	0	0	0	0
bird5	arc	1	-1	1	0	0	0	0	0	0	0	0	0	-1	0	1	0	1	0	0	0	0	0	0	0	0	0
bird6	arc	1	-1	1	0	0	0	0	0	0	0	0	0	-1	0	1	0	1	0	0	0	0	0	0	0	0	0
bird7	arc	1	-1	1	0	0	0	0	0	0	0	0	0	-1	0	0	-1	1	0	0	0	0	0	0	0	0	0
bird8	arc	1	-1	1	0	0	0	0	0	0	0	0	0	-1	0	0	-1	1	0	0	0	0	0	0	0	0	0
two_mismatch_sectors1	sector	0	-1	1	1	1	0	0	1	0	0	0	0	0	1	1	1	1	0	1	1	0	0	0	0	0	1
two_mismatch_sectors2	sector	1	-1	1	1	1	0	0	1	0	0	0	0	0	1	-1	1	1	0	1	1	0	0	0	0	0	1
two_mismatch_sectors3	sector	1	-1	1	1	0	0	0	1	0	0	0	0	0	1	1	1	1	0	1	-1	-1	0	0	0	0	1
two_mismatch_sectors4	sector	1	-1	1	1	0	0	1	1	0	0	0	0	0	1	1	1	1	1	1	-1	-1	0	0	0	0	1
two_mismatch_sectors5	sector	0	-1	1	1	0	0	0	1	0	0	0	0	0	1	1	1	1	0	1	-1	-1	0	0	0	0	1
two_mismatch_sectors6	sector	1	-1	1	1	1	0	0	1	0	0	0	0	0	1	1	1	1	0	1	-1	-1	0	0	0	0	1
two_mismatch_sectors7	sector	0	-1	1	1	1	0	0	1	0	0	0	0	-1	1	1	1	1	0	1	1	0	0	0	0	0	1
two_mismatch_sectors8	sector	1	-1	1	1	1	0	0	1	0	0	0	0	0	1	1	1	1	0	1	1	0	0	0	0	0	1
two_mismatch_sectors9	sector	0	-1	1	1	1	0	0	1	0	0	0	0	0	1	1	1	1	0	1	1	0	0	0	0	0	1
three_mismatch_sectors1	sector	1	-1	1	1	1	0	1	1	1	1	0	0	0	1	1	1	1	1	0	0	0	0	0	0	0	1
three_mismatch_sectors2	sector	0	-1	1	1	0	0	0	0	1	1	0	0	0	1	1	1	1	1	0	0	0	0	0	0	0	1
three_mismatch_sectors3	sector	0	-1	1	1	1	0	0	1	1	1	0	0	0	1	1	1	1	1	0	0	0	0	0	0	0	1
three_mismatch_triangles1	enneagon*	0	-1	0	1	1	0	0	0	0	0	1	1	0	1	1	1	1	1	0	0	0	0	1	1	0	0
three_mismatch_triangles2	enneagon*	0	-1	0	1	0	0	0	0	0	0	0	1	0	1	1	1	1	1	0	0	0	0	1	1	0	0
three_mismatch_triangles3	enneagon*	1	-1	0	1	1	0	0	0	0	1	1	1	0	1	1	1	1	1	0	0	0	0	1	1	0	0
three_mismatch_triangles4	enneagon*	0	-1	0	1	1	0	0	0	0	0	0	0	0	1	1	1	1	0	0	0	0	0	0	1	0	0
two_mismatch_triangles1	hexagon*	0	-1	0	1	1	0	0	0	0	1	0	0	0	1	1	1	1	0	1	1	0	0	1	1	0	0
two_mismatch_triangles2	hexagon*	1	-1	0	1	1	0	0	0	0	1	0	0	-1	1	1	1	1	0	1	1	0	0	1	1	0	0
two_mismatch_triangles3	hexagon*	0	-1	0	1	0	0	0	0	0	1	0	0	0	1	1	1	1	0	1	0	1	0	1	1	0	0
two_mismatch_triangles4	hexagon*	0	-1	0	1	0	0	0	0	0	1	0	0	0	1	1	1	1	0	1	0	1	0	1	1	0	0
two_mismatch_triangles5	hexagon*	0	-1	0	1	1	0	0	0	0	1	0	0	0	1	1	1	1	0	1	1	0	0	0	1	0	0
two_mismatch_triangles6	hexagon*	1	-1	0	1	1	0	0	0	0	1	0	0	0	1	1	1	1	0	1	1	0	0	0	1	0	0
two_mismatch_triangles7	hexagon*	0	-1	0	1	0	0	0	0	0	1	0	0	0	1	1	1	1	0	1	0	1	0	0	1	0	0
two_mismatch_triangles8	hexagon*	0	-1	0	1	0	0	0	0	0	1	0	0	0	1	1	1	1	0	1	0	1	0	0	1	0	0
two_mismatch_triangles9	hexagon*	1	-1	0	1	0	0	0	0	0	1	0	0	0	1	1	1	1	0	1	1	0	0	1	1	0	0
two_mismatch_triangles10	hexagon*	1	-1	0	1	0	0	0	0	0	1	0	0	0	1	1	1	1	0	1	0	1	0	1	1	0	0
two_mismatch_triangles11	hexagon*	1	-1	0	1	0	0	0	0	0	1	0	0	0	1	1	1	1	0	1	0	1	0	1	1	0	0
mismatch_triangle_square1	hexagon*	1	-1	0	1	0	0	0	0	0	0	1	0	0	1	1	1	1	0	1	1	0	0	1	1	1	0
mismatch_triangle_square2	hexagon*	1	-1	0	1	0	0	0	0	0	0	1	0	0	1	1	1	1	0	1	1	0	0	1	1	1	0
mismatch_triangle_square3	hexagon*	0	-1	0	1	0	0	0	0	0	0	1	0	0	1	1	1	1	0	1	0	1	0	1	1	1	0
mismatch_triangle_square4	hexagon*	0	-1	0	1	0	0	0	0	0	0	1	0	0	1	1	1	1	0	1	0	1	0	1	1	1	0
mismatch_triangle_square5	hexagon*	0	-1	0	1	0	0	0	0	0	0	1	0	0	1	1	1	1	0	1	0	1	0	1	1	1	0
mismatch_triangle_square6	hexagon*	0	-1	0	1	0	0	0	0	0	0	1	0	0	1	1	1	1	0	1	0	1	0	1	1	1	0
mismatch_triangle_rec1	hexagon*	1	-1	0	1	0	0	0	0	0	0	1	0	0	1	1	1	1	0	1	1	0	0	1	1	1	0
mismatch_triangle_rec2	hexagon*	1	-1	0	1	0	0	0	0	0	0	1	0	0	1	1	1	1	0	1	1	0	0	1	1	1	0
mismatch_triangle_rec3	hexagon*	1	-1	0	1	0	0	0	0	0	0	1	0	0	1	1	1	1	0	1	0	1	0	1	1	1	0
mismatch_triangle_rec4	hexagon*	1	-1	0	1	0	0	0	0	0	0	1	0	0	1	1	1	1	0	1	0	1	0	1	1	1	0
mismatch_triangle_rec5	hexagon*	1	-1	0	1	0	0	0	0	0	0	1	0	0	1	1	1	1	0	1	0	1	0	1	1	1	0
mismatch_triangle_rec6	hexagon*	0	-1	0	1	0	0	0	0	0	0	1	0	0	1	1	1	1	0	1	0	1	0	1	1	1	0
mismatch_sector_square1	sector	1	-1	1	1	0	0	0	0	0	1	0	0	0	1	1	-1	1	0	1	1	0	0	1	0	1	1
mismatch_sector_square2	sector	1	-1	1	1	0	0	0	0	0	1	0	0	0	1	1	1	1	0	1	1	0	0	1	0	1	1
mismatch_sector_square3	sector	1	-1	1	1	0	0	0	0	0	1	0	0	0	1	1	-1	1	0	1	0	1	0	1	0	1	1
mismatch_sector_square4	sector	1	-1	1	1	0	0	0	0	0	1	0	0	0	1	1	-1	1	0	1	0	1	0	1	0	1	1
mismatch_sector_square5	sector	0	-1	1	1	1	0	0	0	0	1	0	0	0	1	1	1	1	0	1	0	1	0	1	0	1	1
mismatch_sector_square6	sector	0	-1	1	1	0	0	0	0	0	1	0	0	0	1	1	1	1	-1	1	0	1	0	1	0	1	1
mismatch_sector_rec1	sector	1	-1	1	1	0	0	0	0	0	1	0	0	0	1	1	1	1	0	1	1	0	0	0	0	1	1
mismatch_sector_rec2	sector	1	-1	1	1	0	0	0	0	0	1	0	0	0	1	1	1	1	0	1	1	0	0	0	0	1	1
mismatch_sector_rec3	sector	1	-1	1	1	0	0	0	0	0	1	0	0	0	1	1	1	1	0	1	0	1	0	0	0	1	1
mismatch_sector_rec4	sector	1	-1	1	1	0	0	0	0	0	1	0	0	0	1	1	1	1	0	1	0	1	0	0	0	1	1
mismatch_sector_rec5	sector	1	-1	1	1	0	0	0	0	0	1	0	0	0	1	1	1	1	0	1	0	1	0	0	0	1	1
mismatch_sector_rec6	sector	1	-1	1	1	0	0	0	0	0	1	0	0	0	1	1	1	1	0	1	0	1	0	0	0	1	1
two_intersect_sectors1	sector	0	-1	1	1	1	0	0	0	0	0	0	0	0	1	1	-1	1	1	1	1	0	0	0	0	0	0
two_intersect_sectors2	sector	1	-1	1	1	1	0	0	1	0	0	0	0	0	1	1	-1	1	1	1	1	0	0	0	0	0	0
two_intersect_sectors3	sector	0	-1	1	1	1	0	0	1	0	0	0	0	0	1	1	-1	1	1	1	1	0	0	0	0	0	0
square_dagger1	octagon*	1	-1	0	1	1	0	0	0	0	-1	-1	1	0	1	1	1	1	-1	1	1	0	0	1	0	1	0
square_dagger2	octagon*	1	-1	0	1	0	0	0	0	0	0	0	1	0	1	1	1	1	-1	1	1	0	0	1	0	1	0
square_dagger3	octagon*	0	-1	0	1	0	0	0	0	0	0	0	1	0	1	1	1	1	-1	1	1	0	0	1	0	1	0
square_dagger4	octagon*	0	-1	0	1	1	0	0	0	0	-1	-1	1	-1	1	1	1	1	-1	1	0	1	0	1	0	1	0
square_dagger5	octagon*	0	-1	0	1	0	0	0	0	0	0	0	1	-1	1	1	1	1	-1	1	0	1	0	1	0	1	0
square_dagger6	octagon*	0	-1	0	1	0	0	0	0	0	0	0	1	-1	1	1	1	1	-1	1	0	1	0	1	0	1	0
square_dagger7	octagon*	0	-1	0	1	1	0	0	0	0	-1	-1	1	0	1	1	1	1	-1	1	0	1	0	1	0	1	0
square_dagger8	octagon*	0	-1	0	1	0	0	0	0	0	0	0	1	0	1	1	1	1	-1	1	0	1	0	1	0	1	0
square_dagger9	octagon*	0	-1	0	1	0	0	0	0	0	0	0	1	0	1	1	1	1	0	1	0	1	0	1	0	1	0
trapezoid_parallel1	octagon*	1	-1	0	1	0	0	0	0	0	0	0	1	0	1	1	1	1	0	1	1	0	0	0	0	1	0
trapezoid_parallel2	octagon*	1	-1	0	1	0	0	0	0	0	0	0	1	0	1	1	1	1	0	1	1	0	0	0	0	1	0
trapezoid_parallel3	octagon*	1	-1	0	1	0	0	0	0	0	0	-1	1	0	1	1	1	1	-1	1	1	0	0	0	0	1	0
trapezoid_parallel4	octagon*	0	-1	0	1	0	0	0	0	0	0	0	1	0	1	1	1	1	0	1	0	1	0	0	0	1	0
trapezoid_parallel5	octagon*	0	-1	0	1	0	0	0	0	0	0	0	1	0	1	1	1	1	-1	1	0	1	0	0	0	1	0
trapezoid_parallel6	octagon*	0	-1	0	1	0	0	0	0	0	0	-1	1	0	1	1	1	1	1	1	0	1	0	0	0	1	0
trapezoid_triangle1	heptagon*	0	-1	0	1	0	0	0	0	0	0	1	0	0	1	1	1	1	0	1	1	0	0	0	1	1	0
trapezoid_triangle2	heptagon*	0	-1	0	1	0	0	0	0	0	0	1	0	0	1	1	1	1	-1	1	1	0	0	0	1	1	0
trapezoid_triangle3	heptagon*	0	-1	0	1	0	0	0	0	0	0	1	0	0	1	1	1	1	0	1	1	0	0	0	1	1	0
trapezoid_triangle4	heptagon*	0	-1	0	1	0	0	0	0	0	0	1	0	0	1	1	1	1	0	1	0	1	0	0	1	1	0
trapezoid_triangle5	heptagon*	0	-1	0	1	0	0	0	0	0	0	1	0	0	1	1	1	1	-1	1	0	1	0	0	1	1	0
trapezoid_triangle6	heptagon*	0	-1	0	1	0	0	0	0	0	0	1	0	0	1	1	1	1	0	1	0	1	0	0	1	1	0
dagger_triangle1	heptagon*	1	-1	0	1	0	0	0	0	0	0	1	0	-1	1	1	1	1	0	1	1	0	0	0	1	1	0
dagger_triangle2	heptagon*	1	-1	0	1	0	0	0	0	0	1	1	0	-1	1	1	1	1	1	1	1	0	0	0	1	1	0
dagger_triangle3	heptagon*	1	-1	0	1	0	0	0	0	0	0	1	0	-1	1	1	1	1	0	1	1	0	0	0	1	1	0
dagger_triangle4	heptagon*	0	-1	0	1	0	0	0	0	0	0	1	0	-1	1	1	1	1	0	1	0	1	0	0	1	1	0
dagger_triangle5	heptagon*	0	-1	0	1	0	0	0	0	0	1	1	0	-1	1	1	1	1	-1	1	0	1	0	0	1	1	0
dagger_triangle6	heptagon*	0	-1	0	1	0	0	0	0	0	0	1	0	-1	1	1	1	1	0	1	0	1	0	0	1	1	0
dagger_sector1	sector*	1	-1	1	1	0	0	0	0	0	1	0	0	-1	1	1	1	1	0	1	1	0	0	0	0	1	1
dagger_sector2	sector*	0	-1	1	1	0	0	0	0	0	1	0	0	0	1	1	1	1	0	1	1	0	0	0	0	1	1
dagger_sector3	sector*	0	-1	1	1	0	0	0	0	0	1	0	0	0	1	1	1	1	0	1	1	0	0	0	0	1	1
dagger_sector4	sector*	0	-1	1	1	0	0	0	0	0	1	0	0	-1	1	1	1	1	-1	1	0	1	0	0	0	1	1
dagger_sector5	sector*	0	-1	1	1	0	0	0	0	0	1	0	0	0	1	1	1	1	0	1	0	1	0	0	0	1	1
dagger_sector6	sector*	0	-1	1	1	0	0	0	0	0	1	0	0	0	1	1	1	1	0	1	0	1	0	0	0	1	1
parallel_sector1	sector*	1	-1	1	1	0	0	0	0	1	1	0	0	0	1	1	1	1	1	1	1	0	0	0	0	1	1
parallel_sector2	sector*	0	-1	1	1	0	0	0	0	0	1	0	0	0	1	1	1	1	0	1	1	0	0	0	0	1	1
parallel_sector3	sector*	0	-1	1	1	0	0	0	0	0	1	0	0	0	1	1	1	1	0	1	1	0	0	0	0	1	1
parallel_sector4	sector*	0	-1	1	1	0	0	0	0	1	1	0	0	0	1	1	1	1	1	1	0	1	0	0	0	1	1
parallel_sector5	sector*	0	-1	1	1	0	0	0	0	0	1	0	0	0	1	1	1	1	0	1	0	1	0	0	0	1	1
parallel_sector6	sector*	0	-1	1	1	0	0	0	0	0	1	0	0	0	1	1	1	1	0	1	0	1	0	0	0	1	1
hat_sector1	sector*	0	-1	1	1	0	0	0	0	0	1	1	0	0	1	1	-1	1	1	1	1	0	0	0	0	0	1
hat_sector2	sector*	0	-1	1	1	0	0	0	0	0	-1	1	0	0	1	1	-1	1	-1	1	1	0	0	0	0	0	1
hat_sector3	sector*	0	-1	1	1	0	0	0	0	0	0	1	0	0	1	1	-1	1	0	1	1	0	0	0	0	0	1
hat_sector4	sector*	0	-1	1	1	0	0	0	0	0	1	0	0	0	1	1	-1	1	1	1	0	1	0	0	0	0	1
hat_sector5	sector*	0	-1	1	1	0	0	0	0	0	-1	1	0	0	1	1	-1	1	-1	1	0	1	0	0	0	0	1
hat_sector6	sector*	0	-1	1	1	0	0	0	0	0	0	1	0	0	1	1	-1	1	0	1	0	1	0	0	0	0	1
hat_sector7	sector*	0	-1	1	1	0	0	0	0	0	1	1	0	0	1	-1	-1	1	1	1	1	0	0	0	0	0	1
hat_sector8	sector*	0	-1	1	1	0	0	0	0	0	0	1	0	0	1	-1	-1	1	-1	1	1	0	0	0	0	0	1
hat_sector9	sector*	0	-1	1	1	0	0	0	0	0	1	1	0	0	1	-1	-1	1	1	1	1	0	0	0	0	0	1
hat_sector10	sector*	0	-1	1	1	0	0	0	0	0	1	1	0	0	1	-1	-1	1	1	1	0	1	0	0	0	0	1
hat_sector11	sector*	0	-1	1	1	0	0	0	0	0	0	1	0	0	1	-1	-1	1	-1	1	0	1	0	0	0	0	1
hat_sector12	sector*	0	-1	1	1	0	0	0	0	0	1	1	0	0	1	-1	-1	1	-1	1	0	1	0	0	0	0	1
jar_triangle1	sector*	1	-1	1	1	0	0	0	0	0	1	0	0	0	1	1	-1	1	0	1	1	0	0	1	1	0	0
jar_triangle2	sector*	1	-1	1	1	0	0	0	0	1	1	0	0	0	1	1	-1	1	1	1	1	0	0	1	1	0	0
jar_triangle3	sector*	1	-1	1	1	0	0	0	0	0	1	0	0	0	1	1	-1	1	-1	1	1	0	0	1	1	0	0
jar_triangle4	sector*	0	-1	1	1	0	0	0	0	0	1	0	0	0	1	1	-1	1	0	1	0	1	0	1	1	0	0
jar_triangle5	sector*	0	-1	1	1	0	0	0	0	1	1	0	0	0	1	1	-1	1	1	1	0	1	0	1	1	0	0
jar_triangle6	sector*	0	-1	1	1	0	0	0	0	0	1	0	0	0	1	1	-1	1	0	1	0	1	0	1	1	0	0
jar_square1	sector*	1	-1	1	1	0	0	0	0	0	1	1	0	0	1	-1	-1	1	1	1	1	0	0	1	0	1	0
jar_square2	sector*	0	-1	1	1	0	0	0	0	0	0	1	0	0	1	1	1	1	0	1	1	0	0	1	0	1	0
jar_square3	sector*	1	-1	1	1	0	0	0	0	0	0	1	0	0	1	1	1	1	0	1	1	0	0	1	0	1	0
jar_square4	sector*	0	-1	1	1	0	0	0	0	0	1	1	0	0	1	-1	-1	1	1	1	0	1	0	1	0	1	0
jar_square5	sector*	0	-1	1	1	0	0	0	0	0	0	1	0	0	1	1	1	1	0	1	0	1	0	1	0	1	0
jar_square6	sector*	0	-1	1	1	0	0	0	0	0	0	1	0	0	1	1	1	1	0	1	0	1	0	1	0	1	0
irregular_jar_triangle1	sector*	0	-1	1	1	0	0	0	0	1	1	0	0	0	1	1	1	1	-1	1	1	0	0	0	1	0	0
irregular_jar_triangle2	sector*	0	-1	1	1	0	0	0	0	0	1	0	0	0	1	1	1	1	-1	1	1	0	0	0	1	0	0
irregular_jar_triangle3	sector*	0	-1	1	1	0	0	0	0	0	1	0	0	0	1	1	1	1	0	1	1	0	0	0	1	0	0
irregular_jar_triangle4	sector*	0	-1	1	1	0	0	0	0	1	1	0	0	0	1	1	1	1	-1	1	0	1	0	0	1	0	0
irregular_jar_triangle5	sector*	0	-1	1	1	0	0	0	0	0	1	0	0	0	1	1	1	1	-1	1	0	1	0	0	1	0	0
irregular_jar_triangle6	sector*	0	-1	1	1	0	0	0	0	0	1	0	0	0	1	1	1	1	0	1	0	1	0	0	1	0	0
irregular_jar_dagger1	sector*	0	-1	1	1	0	0	0	0	0	0	1	0	0	1	1	1	1	-1	1	1	0	0	0	0	1	0
irregular_jar_dagger2	sector*	0	-1	1	1	0	0	0	0	0	1	1	0	0	1	1	1	1	1	1	1	0	0	0	0	1	0
irregular_jar_dagger3	sector*	0	-1	1	1	0	0	0	0	0	-1	1	0	0	1	1	1	1	-1	1	1	0	0	0	0	1	0
irregular_jar_dagger4	sector*	0	-1	1	1	0	0	0	0	0	0	1	0	0	1	1	1	1	0	1	1	0	0	0	0	1	0
irregular_jar_dagger5	sector*	0	-1	1	1	0	0	0	0	0	-1	1	0	0	1	1	1	1	-1	1	0	1	0	0	0	1	0
irregular_jar_dagger6	sector*	0	-1	1	1	0	0	0	0	0	1	1	0	0	1	1	1	1	1	1	0	1	0	0	0	1	0
irregular_jar_dagger7	sector*	0	-1	1	1	0	0	0	0	0	-1	1	0	0	1	1	1	1	-1	1	0	1	0	0	0	1	0
irregular_jar_dagger8	sector*	0	-1	1	1	0	0	0	0	0	-1	1	0	0	1	1	1	1	-1	1	0	1	0	0	0	1	0
advanced_lamp1	enneagon*	0	-1	0	1	1	0	0	0	0	0	0	0	0	1	1	1	1	0	0	0	0	1	0	0	0	0
advanced_lamp2	enneagon*	0	-1	0	1	0	0	0	0	0	0	0	0	0	1	1	1	1	0	0	0	0	1	0	0	0	0
advanced_lamp3	enneagon*	0	-1	0	1	1	0	0	0	0	0	0	0	0	1	1	1	1	0	0	0	0	1	0	0	0	0
advanced_lamp4	enneagon*	0	-1	0	1	0	0	0	0	0	0	0	0	0	1	1	1	1	0	0	0	0	1	0	0	0	0
advanced_lamp5	enneagon*	0	-1	0	1	0	0	0	0	0	0	0	0	0	1	1	1	1	0	0	0	0	1	0	0	0	0
advanced_lamp6	enneagon*	0	-1	0	1	0	0	0	0	0	0	0	0	0	1	1	1	1	0	0	0	0	1	0	0	0	0
advanced_lamp7	enneagon*	0	-1	0	1	1	0	0	0	0	0	0	0	1	1	1	1	1	0	0	0	0	1	0	0	0	0
thin_sym_nail1	hexagon	1	1	0	1	1	1	0	0	0	1	0	0	1	1	1	1	1	0	0	0	0	0	0	0	0	0
thin_sym_nail2	hexagon	1	1	0	1	1	0	0	0	0	1	0	0	1	1	1	1	1	0	0	0	0	0	0	0	0	0
thin_sym_nail3	hexagon	1	1	0	0	0	1	0	0	0	1	0	0	1	1	1	1	1	0	0	0	0	0	0	0	0	0
thin_sym_nail4	pentagon	1	1	0	0	0	0	0	0	1	0	0	0	1	1	1	1	1	0	0	0	0	0	0	0	0	0
thin_sym_nail5	pentagon	0	1	0	0	0	0	0	0	1	0	0	0	1	1	1	1	1	0	0	0	0	0	0	0	0	0
thin_sym_nail6	pentagon	0	1	0	0	0	0	0	0	1	0	0	0	1	1	1	1	1	0	0	0	0	0	0	0	0	0
thin_sym_nail7	pentagon	0	1	0	1	1	0	0	0	1	0	0	0	1	1	1	1	1	0	0	0	0	0	0	0	0	0
open_triangle1	quadrangle*	1	-1	0	1	1	0	1	0	0	0	0	0	-1	0	0	0	1	0	0	0	0	0	0	0	0	0
open_triangle2	quadrangle*	1	-1	0	1	1	0	1	0	0	0	0	0	-1	0	0	0	1	0	0	0	0	0	0	0	0	0
open_triangle3	quadrangle*	1	-1	0	1	0	0	1	0	0	0	0	0	-1	0	1	1	1	0	0	0	0	0	0	0	0	0
open_triangle4	quadrangle*	1	-1	0	1	0	0	1	0	0	0	0	0	-1	0	1	1	1	0	0	0	0	0	0	0	0	0
open_triangle5	quadrangle*	1	-1	0	1	0	1	1	0	0	0	0	0	-1	0	1	0	1	0	0	0	0	0	0	0	0	0
open_triangle6	quadrangle*	1	-1	0	1	0	1	1	0	0	0	0	0	-1	0	1	0	1	0	0	0	0	0	0	0	0	0
open_triangle7	triangle*	1	-1	0	1	0	0	1	1	0	0	0	0	-1	0	1	1	1	1	-1	-1	-1	0	1	1	0	0
open_triangle8	triangle*	1	-1	0	1	0	0	1	1	0	0	0	0	-1	0	1	1	1	1	-1	-1	-1	0	0	1	0	0
open_triangle9	triangle*	1	-1	0	1	0	0	1	1	0	0	0	0	-1	0	1	1	1	1	-1	-1	-1	0	0	1	0	0
open_triangle10	triangle*	1	-1	0	1	0	0	1	1	0	0	0	0	-1	0	1	1	1	1	-1	-1	-1	0	0	1	0	0
bala_two_intersect_circles_new1	arc	1	-1	1	0	1	1	0	0	0	0	0	0	-1	1	1	-1	1	0	1	1	0	0	0	0	0	0
bala_two_intersect_circles_new2	arc	1	-1	1	0	1	0	0	0	0	0	0	0	-1	1	1	-1	1	-1	1	1	0	0	0	0	0	0
bala_two_intersect_circles_new3	arc	1	-1	1	0	1	0	0	0	0	0	0	0	-1	1	1	-1	1	-1	1	1	0	0	0	0	0	0
bala_two_intersect_circles_new4	arc	1	-1	1	0	1	0	0	0	0	0	0	0	-1	1	1	-1	1	1	1	1	0	0	0	0	0	0
medium_intersect_circle	arc	1	1	1	0	1	1	0	0	0	0	0	0	0	1	-1	-1	1	0	0	0	0	0	0	0	0	0
open_line_s_new1	arc	1	-1	1	1	0	1	0	0	0	0	0	0	-1	0	0	0	0	0	0	0	0	0	0	0	0	0
open_line_s_new2	arc	1	-1	1	1	0	1	0	0	0	0	0	0	-1	0	0	0	0	0	0	0	0	0	0	0	0	0
open_s_new1	arc	1	-1	1	0	0	1	0	0	0	0	0	0	-1	0	0	0	0	0	0	0	0	0	0	0	0	0
open_s_new2	arc	1	-1	1	0	0	1	0	0	0	0	0	0	-1	0	0	0	0	0	0	0	0	0	0	0	0	0
thin_three_sides1	quadrangle*	0	0	1	1	1	0	1	0	0	0	0	0	1	1	-1	-1	1	0	0	0	0	0	0	0	0	0
thin_three_sides2	quadrangle*	0	0	1	1	1	0	1	0	0	0	0	0	1	1	-1	-1	1	0	0	0	0	0	0	0	0	0
thin_three_sides3	triangle	0	1	0	1	0	0	1	0	0	0	0	0	1	1	1	0	1	0	0	0	0	0	0	1	0	0
arc_three_lines1	arc	1	-1	1	1	1	0	1	0	0	0	0	0	-1	0	0	0	0	0	0	0	0	0	0	0	0	0
arc_three_lines2	arc	1	-1	1	1	1	0	1	0	0	0	0	0	-1	0	0	0	0	0	0	0	0	0	0	0	0	0
two_parts_three_lines1	sector*	1	-1	1	1	0	0	1	0	0	0	0	0	0	1	1	1	1	0	1	-1	-1	0	0	0	0	1
two_parts_three_lines2	sector*	1	-1	1	1	0	0	1	0	0	0	0	0	0	1	1	-1	1	0	1	-1	-1	0	0	0	0	1
two_parts_three_lines3	sector*	1	-1	1	1	0	0	1	0	0	0	0	0	0	1	1	1	1	0	1	-1	-1	0	0	0	0	1
two_parts_three_lines4	sector*	1	-1	1	1	0	0	1	0	0	0	0	0	0	1	1	1	1	0	1	0	1	0	0	0	0	1
two_parts_three_lines5	sector*	1	-1	1	1	0	0	1	0	0	0	0	0	0	1	1	-1	1	0	1	1	0	0	0	0	0	1
two_parts_three_lines6	sector*	1	-1	1	1	0	0	1	0	0	0	0	0	0	1	1	-1	1	-1	1	0	1	0	0	0	0	1
exist_triangle_three_lines1	arc	1	-1	1	1	0	0	1	0	0	0	0	0	0	1	1	-1	1	-1	1	1	0	0	0	1	0	0
exist_triangle_three_lines2	arc	1	-1	1	1	0	0	1	0	0	0	0	0	0	1	1	-1	1	-1	1	1	0	0	1	1	0	0
exist_triangle_three_lines3	arc	1	-1	1	1	0	0	1	0	0	0	0	0	0	1	1	1	1	-1	1	1	0	0	0	1	0	0
exist_triangle_three_lines4	arc	1	-1	1	1	0	0	1	0	0	0	0	0	0	1	1	1	1	0	1	-1	10	0	0	1	0	0
exist_triangle_three_lines5	arc	0	-1	1	1	0	0	1	0	0	0	0	0	0	1	1	-1	1	0	1	0	1	0	0	1	0	0
exist_triangle_three_lines6	arc	0	-1	1	1	0	0	1	0	0	0	0	0	0	1	1	-1	1	0	1	0	1	0	1	1	0	0
exist_triangle_three_lines7	arc	0	-1	1	1	1	0	1	0	0	0	0	0	0	1	1	-1	1	0	1	0	1	0	1	1	0	0
exist_triangle_three_lines8	arc	0	-1	1	1	0	0	1	0	0	0	0	0	0	1	1	1	1	0	1	0	1	0	0	1	0	0
exist_triangle_three_lines9	arc	0	-1	1	1	0	0	1	0	0	0	0	0	0	1	1	1	1	0	1	0	1	0	0	1	0	0
no_acute_angle_four_lines1	quadrangle*	1	-1	0	1	1	0	0	1	0	0	0	0	-1	0	0	1	1	0	0	0	0	0	0	0	0	0
no_acute_angle_four_lines2	quadrangle*	1	-1	0	1	0	0	0	1	1	0	0	0	0	0	0	0	1	1	-1	-1	-1	0	1	0	1	0
no_acute_angle_four_lines3	quadrangle*	1	-1	0	1	0	0	0	1	1	0	0	0	-1	0	0	0	1	1	-1	-1	-1	0	0	0	1	0
no_acute_angle_four_lines4	quadrangle*	1	-1	0	1	0	0	0	1	1	0	0	0	0	0	0	0	1	1	-1	-1	-1	0	0	0	1	0
no_acute_angle_four_lines5	quadrangle*	0	-1	0	1	0	0	0	1	1	0	0	0	1	0	0	0	1	1	-1	-1	-1	0	0	0	1	0
no_acute_angle_four_lines6	sector*	1	0	1	1	0	0	0	1	0	0	0	0	0	1	0	0	1	0	0	0	0	0	0	0	0	0
no_acute_angle_four_lines7	sector*	1	0	1	1	0	0	0	1	0	0	0	0	0	1	0	0	1	0	0	0	0	0	0	0	0	0
no_acute_angle_four_lines8	sector*	1	0	1	1	0	0	0	1	0	0	0	0	0	1	0	0	1	0	0	0	0	0	0	0	0	0
no_acute_angle_four_lines9	sector*	1	0	1	1	0	0	0	1	0	0	0	0	0	1	0	1	1	0	0	0	0	0	0	0	0	0
exist_quadrangle_five_lines1	sector*	1	-1	1	1	0	0	0	0	1	0	0	0	0	1	1	-1	1	0	1	1	0	0	1	0	1	1
exist_quadrangle_five_lines2	sector*	0	-1	1	1	0	0	0	0	1	0	0	0	0	1	1	-1	1	0	1	0	1	0	1	0	1	1
exist_quadrangle_five_lines3	sector*	0	-1	1	1	0	0	0	0	1	0	0	0	0	1	1	-1	1	0	1	0	1	0	0	0	1	1
exist_quadrangle_five_lines4	sector*	1	-1	1	1	0	0	0	0	1	0	0	0	0	1	1	1	1	0	1	1	0	0	0	0	1	1
exist_quadrangle_five_lines5	sector*	0	-1	1	1	0	0	0	0	1	0	0	0	0	1	1	1	1	0	1	0	1	0	0	0	1	1
exist_quadrangle_five_lines6	sector*	1	-1	1	1	0	0	0	0	1	0	0	0	0	1	1	1	1	0	1	1	0	0	0	0	1	1
exist_quadrangle_five_lines7	sector*	0	-1	1	1	0	0	0	0	1	0	0	0	0	1	1	1	1	0	1	0	1	0	0	0	1	1
exist_quadrangle_five_lines8	sector*	0	-1	1	1	0	0	0	0	1	0	0	0	0	1	1	1	1	-1	1	0	1	0	0	0	1	1
exist_quadrangle_five_lines9	sector*	1	-1	1	1	1	0	0	1	1	1	0	0	0	1	1	1	1	1	1	1	0	0	0	0	1	1
exist_quadrangle_five_lines10	sector*	1	-1	1	1	0	0	0	1	1	1	0	0	0	1	1	1	1	1	1	1	0	0	0	0	1	0
exist_quadrangle_five_lines11	sector*	0	-1	1	1	0	0	0	1	1	1	0	0	0	1	1	1	1	1	1	0	1	0	0	0	1	0
exist_quadrangle_five_lines12	sector*	1	-1	1	1	1	0	0	1	1	1	0	0	0	1	-1	1	1	1	1	0	1	0	0	0	1	1
no_obtuse_angle_six_lines1	sector*	1	-1	1	1	1	0	0	1	1	1	0	0	0	1	0	0	1	1	1	1	0	0	1	0	0	1
no_obtuse_angle_six_lines2	sector*	0	-1	1	1	1	0	0	1	1	1	0	0	0	1	0	0	1	1	1	0	1	0	1	0	0	1
no_obtuse_angle_six_lines3	sector*	0	-1	1	1	0	0	0	1	1	1	0	0	0	1	0	0	1	1	1	0	1	0	0	0	0	1
no_obtuse_angle_six_lines4	sector*	1	-1	1	1	0	0	0	0	1	1	1	0	0	1	1	0	1	1	1	1	0	0	0	0	0	1
no_obtuse_angle_six_lines5	sector*	0	-1	1	1	0	0	0	0	1	1	1	0	0	1	1	0	1	1	1	0	1	0	0	0	0	1
no_obtuse_angle_six_lines6	sector*	1	-1	1	1	0	0	0	0	1	1	1	0	0	1	1	0	1	1	1	1	0	0	0	0	0	1
no_obtuse_angle_six_lines7	sector*	0	-1	1	1	0	0	0	0	1	1	1	0	0	1	1	0	1	1	1	0	1	0	0	0	0	1
necked_six_lines1	arc	1	0	1	1	1	0	0	0	0	1	0	0	0	1	0	1	1	0	0	0	0	1	0	0	0	0
necked_six_lines2	arc	1	0	1	1	1	0	0	0	0	1	0	0	0	1	0	1	1	0	0	0	0	1	0	0	0	0
necked_six_lines3	arc	1	0	1	1	1	0	0	0	0	1	0	0	0	1	0	1	1	0	0	0	0	1	0	0	0	0
necked_six_lines4	arc	1	0	1	1	1	0	0	0	0	1	0	0	0	1	0	1	1	0	0	0	0	1	0	0	0	0
necked_six_lines5	arc	1	0	1	1	1	1	0	0	0	1	0	0	0	1	0	1	1	0	0	0	0	1	0	0	0	0
necked_six_lines6	arc	1	0	1	1	1	1	0	0	0	1	0	0	0	1	0	1	1	0	0	0	0	1	0	0	0	0
necked_six_lines7	arc	1	0	1	1	1	1	0	0	0	1	0	0	0	1	0	1	1	0	0	0	0	1	0	0	0	0
necked_six_lines8	arc	1	0	1	1	1	1	0	0	0	1	0	0	0	1	0	1	1	0	0	0	0	1	0	0	0	0
necked_six_lines9	arc	1	0	1	1	1	1	0	0	0	1	0	0	0	1	0	1	1	0	0	0	0	1	0	0	0	0
necked_six_lines10	arc	1	0	1	1	1	1	0	0	0	1	0	0	0	1	0	1	1	0	0	0	0	1	0	0	0	0
necked_six_lines11	arc	1	0	1	1	1	1	0	0	0	1	0	0	0	1	0	1	1	0	0	0	0	1	0	0	0	0
necked_six_lines12	arc	1	0	1	1	1	1	0	0	0	1	0	0	0	1	0	1	1	0	0	0	0	1	0	0	0	0
necked_six_lines13	quadrangle*	0	0	1	1	1	1	0	0	0	1	0	0	-1	1	0	1	1	0	0	0	0	1	0	0	0	0
necked_six_lines14	quadrangle*	1	0	1	1	1	1	0	0	0	1	0	0	0	1	0	1	1	0	0	0	0	1	0	0	0	0
necked_six_lines15	quadrangle*	0	0	1	1	0	0	0	0	0	1	0	0	-1	1	1	1	1	0	0	0	0	1	0	0	0	0
necked_six_lines16	quadrangle*	1	0	1	1	0	0	0	0	0	1	0	0	0	1	1	1	1	0	0	0	0	1	0	0	0	0
necked_six_lines17	quadrangle*	0	0	1	1	0	1	0	0	0	1	0	0	0	1	1	1	1	0	0	0	0	1	0	0	0	0
necked_six_lines18	quadrangle*	1	0	1	1	0	1	0	0	0	1	0	0	0	1	1	1	1	0	0	0	0	1	0	0	0	0
necked_six_lines19	quadrangle*	0	0	1	1	1	0	0	0	0	1	0	0	0	1	1	1	1	0	0	0	0	1	0	0	0	0
necked_six_lines20	quadrangle*	0	0	1	1	0	0	0	0	0	1	0	0	0	1	1	1	1	0	0	0	0	1	0	0	0	0
necked_six_lines21	quadrangle*	0	0	1	1	1	1	0	0	0	1	0	0	0	1	1	0	1	0	0	0	0	1	0	0	0	0
necked_eight_lines1	octagon*	1	0	1	1	1	0	0	0	0	0	0	1	0	1	1	1	1	0	0	0	0	1	0	0	0	0
necked_eight_lines2	octagon*	1	0	1	1	1	0	0	0	0	0	0	1	0	1	1	1	1	0	0	0	0	1	0	0	0	0
necked_eight_lines3	octagon*	1	0	1	1	1	0	0	0	0	0	0	1	0	1	1	1	1	0	0	0	0	1	0	0	0	0
necked_eight_lines4	octagon*	1	0	1	1	1	0	0	0	0	0	0	1	0	1	1	1	1	0	0	0	0	1	0	0	0	0
necked_eight_lines5	octagon*	1	0	1	1	0	0	0	0	0	0	0	1	0	1	1	1	1	0	0	0	0	1	0	0	0	0
necked_eight_lines6	octagon*	1	0	1	1	0	0	0	0	0	0	0	1	0	1	1	1	1	0	0	0	0	1	0	0	0	0
necked_eight_lines7	octagon*	1	0	1	1	0	0	0	0	0	0	0	1	0	1	1	1	1	0	0	0	0	1	0	0	0	0
necked_eight_lines8	octagon*	1	0	1	1	0	0	0	0	0	0	0	1	0	1	1	1	1	0	0	0	0	1	0	0	0	0
necked_eight_lines9	octagon*	1	0	1	1	1	0	0	0	0	0	0	1	0	1	1	1	1	0	0	0	0	1	0	0	0	0
necked_eight_lines10	octagon*	1	0	1	1	1	0	0	0	0	0	0	1	0	1	1	1	1	0	0	0	0	1	0	0	0	0
necked_eight_lines11	octagon*	1	0	1	1	1	0	0	0	0	0	0	1	0	1	1	1	1	0	0	0	0	1	0	0	0	0
necked_eight_lines12	octagon*	1	0	1	1	1	0	0	0	0	0	0	1	0	1	1	1	1	0	0	0	0	1	0	0	0	0
thin_seven_lines1	heptagon*	0	-1	0	1	0	0	0	0	0	1	1	0	1	1	1	1	1	1	1	0	1	0	0	1	1	0
thin_seven_lines2	heptagon*	0	-1	0	1	0	0	0	0	0	1	1	0	1	1	1	1	1	1	1	0	1	0	0	1	1	0
thin_seven_lines3	heptagon*	0	-1	0	1	0	0	0	0	0	1	1	0	1	1	1	1	1	1	1	0	1	0	0	1	1	0
thin_seven_lines4	heptagon*	0	-1	0	1	0	0	0	0	0	1	1	0	1	1	1	1	1	1	1	0	1	0	0	1	1	0
thin_seven_lines5	heptagon*	0	-1	0	1	0	0	0	0	0	1	1	0	1	1	1	1	1	1	1	0	1	0	0	1	1	0
thin_seven_lines6	heptagon*	0	-1	0	1	0	0	0	0	0	1	1	0	1	1	1	1	1	1	1	-1	-1	0	0	1	1	0
exist_triangle_eight_lines1	octagon*	1	-1	0	1	0	0	0	0	0	0	0	1	0	1	1	1	1	-1	1	1	0	0	0	1	0	0
exist_triangle_eight_lines2	octagon*	0	-1	0	1	0	0	0	0	0	0	0	1	0	1	1	1	1	-1	1	0	1	0	0	1	0	0
exist_triangle_eight_lines3	octagon*	0	-1	0	1	0	0	0	0	0	0	0	1	0	1	1	1	1	-1	1	0	1	0	0	1	0	0
exist_triangle_eight_lines4	octagon*	1	-1	0	1	0	0	0	0	0	0	1	1	0	1	1	1	1	1	1	1	0	0	0	1	0	0
exist_triangle_eight_lines5	octagon*	1	-1	0	1	0	0	0	0	0	1	1	1	0	1	1	1	1	1	1	1	0	0	0	1	0	0
exist_triangle_eight_lines6	octagon*	1	-1	0	1	0	0	0	0	0	0	0	1	0	1	1	1	1	0	1	1	0	0	0	1	0	0
exist_triangle_eight_lines7	octagon*	0	-1	0	1	0	0	0	0	0	0	1	1	0	1	1	1	1	1	1	0	1	0	0	1	0	0
exist_triangle_eight_lines8	octagon*	0	-1	0	1	0	0	0	0	0	1	1	1	0	1	1	1	1	1	1	0	1	0	0	1	0	0
exist_triangle_eight_lines9	octagon*	0	-1	0	1	0	0	0	0	0	0	0	1	0	1	1	1	1	0	1	0	1	0	0	1	0	0
exist_triangle_eight_lines10	octagon*	0	-1	0	1	0	0	0	0	0	0	1	1	0	1	1	1	1	1	1	0	1	0	0	1	0	0
exist_triangle_eight_lines11	octagon*	0	-1	0	1	0	0	0	0	0	1	1	1	0	1	1	1	1	1	1	0	1	0	0	1	0	0
exist_triangle_eight_lines12	octagon*	0	-1	0	1	0	0	0	0	0	0	0	1	0	1	1	1	1	0	1	0	1	0	0	1	0	0
thin_exist_triangle1	heptagon*	0	-1	0	1	1	0	0	0	0	0	1	1	1	1	1	1	1	1	0	0	0	0	0	1	0	0
thin_exist_triangle2	heptagon*	0	-1	0	1	0	0	0	0	0	0	1	1	1	1	1	1	1	1	0	0	0	0	0	1	0	0
thin_exist_triangle3	heptagon*	0	-1	0	1	1	0	0	0	0	0	1	1	1	1	1	1	1	1	0	0	0	0	0	1	0	0
thin_exist_triangle4	heptagon*	0	-1	0	1	1	0	0	0	0	0	1	1	1	1	1	1	1	1	0	0	0	0	0	1	0	0
no_two_parts_sector1	sector	1	1	1	1	1	0	0	0	0	0	0	0	0	1	1	0	1	0	0	0	0	0	0	0	0	1
no_two_parts_sector2	sector	1	1	1	1	1	0	0	0	0	0	0	0	0	1	-1	0	1	0	0	0	0	0	0	0	0	1
no_two_parts_sector3	sector	1	1	1	1	1	0	0	0	0	0	0	0	0	1	0	1	1	0	0	0	0	0	0	0	0	1
no_two_parts_sector4	sector	1	0	1	1	1	0	0	0	0	0	0	0	0	1	0	1	1	0	0	0	0	0	0	0	0	1
no_two_parts_sector5	sector	1	0	1	1	1	0	0	0	0	0	0	0	0	1	0	1	1	0	0	0	0	0	0	0	0	1
no_two_parts_sector6	sector	1	0	1	1	1	0	0	0	0	0	0	0	0	1	1	0	1	0	0	0	0	0	0	0	0	1
no_two_parts_sector7	octagon*	1	-1	1	1	1	0	0	0	-1	-1	1	1	0	1	1	1	1	1	0	0	0	0	0	1	0	1
no_two_parts_sector8	octagon*	1	-1	1	1	1	0	0	0	-1	-1	1	1	0	1	1	1	1	1	0	0	0	0	0	1	0	1
no_two_parts_sector9	octagon*	1	-1	1	1	0	0	0	0	0	-1	1	1	0	1	1	1	1	1	0	0	0	0	0	1	0	1
symm_trans_exist_quad1	hexagon*	0	-1	0	1	1	1	0	0	0	1	1	1	1	1	1	1	1	1	1	1	0	0	0	0	1	0
symm_trans_exist_quad2	hexagon*	1	-1	0	1	1	1	0	0	0	1	1	1	-1	1	1	1	1	1	1	1	0	0	0	0	1	0
symm_trans_exist_quad3	hexagon*	1	-1	0	1	1	1	0	0	0	1	1	1	0	1	1	1	1	1	1	1	0	0	0	0	1	0
symm_trans_exist_quad4	hexagon*	1	-1	0	1	1	1	0	0	0	1	1	1	0	1	1	1	1	1	1	1	0	0	0	0	1	0
rectangle_new1	quadrangle	1	1	0	1	1	1	0	1	0	0	0	0	0	1	0	0	1	0	0	0	0	0	0	0	1	0
rectangle_new2	quadrangle	1	1	0	1	1	1	0	1	0	0	0	0	-1	1	0	0	1	0	0	0	0	0	0	0	1	0